{"type":"FeatureCollection","features":[{"type":"Feature","geometry":{"type":"Point","coordinates":[-0.1901441304104196,43.97110320289974]},"properties":{"finess":"400015087","nom":"SAAD CIAS DES LANDES D'ARMAGNAC","departement":"LANDES"}},{"type":"Feature","geometry":{"type":"Point","coordinates":[6.127213762046573,43.11956109974913]},"properties":{"finess":"830023651","nom":"SAAD OPTIM HOME SERVICES","departement":"VAR"}},{"type":"Feature","geometry":{"type":"Point","coordinates":[-61.5053630823603,16.2711299842184]},"properties":{"finess":"970113544","nom":"A.A.M.S.P.A.G.","departement":"GUADELOUPE"}},{"type":"Feature","geometry":{"type":"Point","coordinates":[2.458531389751884,48.77353632901462]},"properties":{"finess":"940027642","nom":"SAAD DOM'ARTIS","departement":"VAL DE MARNE"}},{"type":"Feature","geometry":{"type":"Point","coordinates":[-61.45826565856904,16.38587481684359]},"properties":{"finess":"970114096","nom":"KOLIBRI SERVICES","departement":"GUADELOUPE"}},{"type":"Feature","geometry":{"type":"Point","coordinates":[-1.459382574629529,43.47954026861885]},"properties":{"finess":"640788576","nom":"SAAD DU CCAS DE ST PIERRE D'IRUBE","departement":"PYRENEES ATLANTIQUES"}},{"type":"Feature","geometry":{"type":"Point","coordinates":[6.867524628558789,44.7807577114779]},"properties":{"finess":"050009117","nom":"SAAD DU CH D'AIGUILLES QUEYRAS","departement":"HAUTES ALPES"}},{"type":"Feature","geometry":{"type":"Point","coordinates":[-3.4254544373228,47.73466435475807]},"properties":{"finess":"560013211","nom":"SAAD CCAS PLOEMEUR","departement":"MORBIHAN"}},{"type":"Feature","geometry":{"type":"Point","coordinates":[6.162126926447295,48.62095410364267]},"properties":{"finess":"540025459","nom":"SAD FOYER DE L'AURORE","departement":"MEURTHE ET MOSELLE"}},{"type":"Feature","geometry":{"type":"Point","coordinates":[3.627792675932712,50.25110496204466]},"properties":{"finess":"590027868","nom":"SCE D'AIDE A DOMICILE DU CH","departement":"NORD"}},{"type":"Feature","geometry":{"type":"Point","coordinates":[1.645471865073628,50.0638710086365]},"properties":{"finess":"800022477","nom":"SAAD - ASE","departement":"SOMME"}},{"type":"Feature","geometry":{"type":"Point","coordinates":[6.444311837234942,48.17594675009597]},"properties":{"finess":"880006036","nom":"SAAD ADAVIE","departement":"VOSGES"}},{"type":"Feature","geometry":{"type":"Point","coordinates":[-1.162091315927995,46.20966259802249]},"properties":{"finess":"170021935","nom":"SAA CCAS DE NIEUL-SUR-MER","departement":"CHARENTE MARITIME"}},{"type":"Feature","geometry":{"type":"Point","coordinates":[6.130034924415058,48.65800097506447]},"properties":{"finess":"540009149","nom":"SAAD ADAVIE L'ESPRIT TRANQUILLE","departement":"MEURTHE ET MOSELLE"}},{"type":"Feature","geometry":{"type":"Point","coordinates":[0.9426286296844684,48.96159058532729]},"properties":{"finess":"270024391","nom":"SAD CIAS COM COM CONCHES EN OUCHE","departement":"EURE"}},{"type":"Feature","geometry":{"type":"Point","coordinates":[55.33157488236464,-20.94722079450866]},"properties":{"finess":"970411849","nom":"SAAD - L'AROZE REUNION","departement":"LA REUNION"}},{"type":"Feature","geometry":{"type":"Point","coordinates":[5.761259973917264,49.52321660532703]},"properties":{"finess":"540019452","nom":"SAAD U2AF-54 A LONGWY","departement":"MEURTHE ET MOSELLE"}},{"type":"Feature","geometry":{"type":"Point","coordinates":[6.184667066965889,48.68062702180686]},"properties":{"finess":"540013406","nom":"SAAD U2AF-54 A NANCY","departement":"MEURTHE ET MOSELLE"}},{"type":"Feature","geometry":{"type":"Point","coordinates":[4.673995161200201,45.24163793956676]},"properties":{"finess":"070009857","nom":"SAD DOMALIANCE ANNONAY","departement":"ARDECHE"}},{"type":"Feature","geometry":{"type":"Point","coordinates":[5.390347494782078,47.19232979476325]},"properties":{"finess":"210014098","nom":"VYV3 DOMICILE VAL DE SAONE","departement":"COTE D OR"}},{"type":"Feature","geometry":{"type":"Point","coordinates":[4.45688942141873,47.54248037865537]},"properties":{"finess":"210014080","nom":"VYV3 DOMICILE VENAREY-LES-LAUMES","departement":"COTE D OR"}},{"type":"Feature","geometry":{"type":"Point","coordinates":[5.793546383402127,45.09387832879081]},"properties":{"finess":"380025957","nom":"SAA CAPAD 38","departement":"ISERE"}},{"type":"Feature","geometry":{"type":"Point","coordinates":[3.606229187476075,43.98928271815071]},"properties":{"finess":"300020245","nom":"SAAD LA PASSERELLE MAS CAVAILLAC","departement":"GARD"}},{"type":"Feature","geometry":{"type":"Point","coordinates":[3.485027853964892,46.70336884052602]},"properties":{"finess":"580004075","nom":"SAAD UNA SUD NIVERNAIS","departement":"NIEVRE"}},{"type":"Feature","geometry":{"type":"Point","coordinates":[-52.64407498795057,5.156117974182635]},"properties":{"finess":"970306403","nom":"ADOMI'SERV","departement":"GUYANE"}},{"type":"Feature","geometry":{"type":"Point","coordinates":[-61.04832357113353,14.6105990982952]},"properties":{"finess":"970208047","nom":"SERV TECHNICIEN INTERVENTION SOC FAMIL","departement":"MARTINIQUE"}},{"type":"Feature","geometry":{"type":"Point","coordinates":[3.662883564196662,46.06683958372986]},"properties":{"finess":"030009948","nom":"AVS BESANCON LE MAYET EN MONTAGNE","departement":"ALLIER"}},{"type":"Feature","geometry":{"type":"Point","coordinates":[3.30579196888745,46.62870067146804]},"properties":{"finess":"030009955","nom":"AVS BESANCON TREVOL","departement":"ALLIER"}},{"type":"Feature","geometry":{"type":"Point","coordinates":[3.25011713554459,46.66456110451446]},"properties":{"finess":"030009963","nom":"AVS BESANCON VILLENEUVE SUR ALLIER","departement":"ALLIER"}},{"type":"Feature","geometry":{"type":"Point","coordinates":[-61.5053630823603,16.2711299842184]},"properties":{"finess":"970113445","nom":"ASMD","departement":"GUADELOUPE"}},{"type":"Feature","geometry":{"type":"Point","coordinates":[6.64289647544792,44.89991507790926]},"properties":{"finess":"050001643","nom":"SAAD C.C.A.S. BRIANCON","departement":"HAUTES ALPES"}},{"type":"Feature","geometry":{"type":"Point","coordinates":[5.383633163613577,43.47027518020301]},"properties":{"finess":"130048994","nom":"SAAD AGESTHI","departement":"BOUCHES DU RHONE"}},{"type":"Feature","geometry":{"type":"Point","coordinates":[3.150841122259837,46.88585269248338]},"properties":{"finess":"580007367","nom":"VYV DOMICILE CENTRE NIEVRE","departement":"NIEVRE"}},{"type":"Feature","geometry":{"type":"Point","coordinates":[3.330803651980951,47.17544078429379]},"properties":{"finess":"580007383","nom":"VYV DOMICILE PREMERY","departement":"NIEVRE"}},{"type":"Feature","geometry":{"type":"Point","coordinates":[3.073310543910194,47.53050324594266]},"properties":{"finess":"580007375","nom":"VYV DOMICILE SAINT-AMAND-EN-PUYSAYE","departement":"NIEVRE"}},{"type":"Feature","geometry":{"type":"Point","coordinates":[3.78268581586217,47.81780130137501]},"properties":{"finess":"890010952","nom":"VYV DOMICILE CHABLIS","departement":"YONNE"}},{"type":"Feature","geometry":{"type":"Point","coordinates":[3.908205451057702,47.49431633572337]},"properties":{"finess":"890010945","nom":"VYV DOMICILE L'AVALLONAIS","departement":"YONNE"}},{"type":"Feature","geometry":{"type":"Point","coordinates":[1.253972479636827,43.34780736811723]},"properties":{"finess":"310028154","nom":"SAD DU COTÉ DE CHEZ SOI","departement":"HAUTE GARONNE"}},{"type":"Feature","geometry":{"type":"Point","coordinates":[5.791314801574957,43.12350157006983]},"properties":{"finess":"830021234","nom":"SAAD PROVENCE AIDE SERVICES","departement":"VAR"}},{"type":"Feature","geometry":{"type":"Point","coordinates":[-1.664239197997696,48.12823878223126]},"properties":{"finess":"350053161","nom":"SAAD ADMR","departement":"ILLE ET VILAINE"}},{"type":"Feature","geometry":{"type":"Point","coordinates":[5.872904968632707,43.1041215371927]},"properties":{"finess":"830022828","nom":"SAAD CCAS LA SEYNE SUR MER","departement":"VAR"}},{"type":"Feature","geometry":{"type":"Point","coordinates":[2.763845677552281,48.97116441247678]},"properties":{"finess":"770024149","nom":"SAAD GREENASSISTANCE","departement":"SEINE ET MARNE"}},{"type":"Feature","geometry":{"type":"Point","coordinates":[-1.252234961472603,46.35272410938882]},"properties":{"finess":"850028358","nom":"SAAD CCAS ST MICHEL EN L'HERM","departement":"VENDEE"}},{"type":"Feature","geometry":{"type":"Point","coordinates":[4.037680885506656,50.28968724807869]},"properties":{"finess":"590071510","nom":"SAAD AGES ET VIE","departement":"NORD"}},{"type":"Feature","geometry":{"type":"Point","coordinates":[3.978075131552641,50.3058730963407]},"properties":{"finess":"590071528","nom":"SAAD AGES ET VIE","departement":"NORD"}},{"type":"Feature","geometry":{"type":"Point","coordinates":[4.068783070261864,50.29961937129431]},"properties":{"finess":"590071536","nom":"SAAD AGES ET VIE","departement":"NORD"}},{"type":"Feature","geometry":{"type":"Point","coordinates":[3.194411385241017,50.33944207594295]},"properties":{"finess":"590071544","nom":"SAAD AGES ET VIE","departement":"NORD"}},{"type":"Feature","geometry":{"type":"Point","coordinates":[4.024399370787817,50.1668897380483]},"properties":{"finess":"590071551","nom":"SAAD AGES ET VIE","departement":"NORD"}},{"type":"Feature","geometry":{"type":"Point","coordinates":[3.329447606648948,50.06516255907598]},"properties":{"finess":"590071569","nom":"SAAD AGES ET VIE","departement":"NORD"}},{"type":"Feature","geometry":{"type":"Point","coordinates":[6.144881324720422,47.61970502810316]},"properties":{"finess":"700006265","nom":"SAAD-PSP HANDY'UP","departement":"HAUTE SAONE"}},{"type":"Feature","geometry":{"type":"Point","coordinates":[4.973059058641248,44.62705371788194]},"properties":{"finess":"260020631","nom":"ASSOCIATION VIEILLIR AU VILLAGE","departement":"DROME"}},{"type":"Feature","geometry":{"type":"Point","coordinates":[1.147205449576439,42.98273530140364]},"properties":{"finess":"090002296","nom":"SAAD RESO","departement":"ARIEGE"}},{"type":"Feature","geometry":{"type":"Point","coordinates":[3.628236899176239,49.90457240913895]},"properties":{"finess":"020013546","nom":"SAAD CCTSO","departement":"AISNE"}},{"type":"Feature","geometry":{"type":"Point","coordinates":[-52.33016935363136,4.937441073993027]},"properties":{"finess":"970301123","nom":"SERVICE D'AUXILIAIRES DE VIE","departement":"GUYANE"}},{"type":"Feature","geometry":{"type":"Point","coordinates":[6.137231831792909,48.67798737322767]},"properties":{"finess":"540025509","nom":"SAD AIDE","departement":"MEURTHE ET MOSELLE"}},{"type":"Feature","geometry":{"type":"Point","coordinates":[2.015739528757922,48.5293563155625]},"properties":{"finess":"910804954","nom":"SAAD CIAS DU DOURDANNAIS EN HUREPOIX","departement":"ESSONNE"}},{"type":"Feature","geometry":{"type":"Point","coordinates":[3.934106806086624,47.06282590128166]},"properties":{"finess":"580007334","nom":"SAAD DU HAUT MORVAN","departement":"NIEVRE"}},{"type":"Feature","geometry":{"type":"Point","coordinates":[2.249339092272133,48.94691294878419]},"properties":{"finess":"950033431","nom":"SAD  CCAS ARGENTEUIL","departement":"VAL D OISE"}},{"type":"Feature","geometry":{"type":"Point","coordinates":[2.237979177554991,48.88441896273988]},"properties":{"finess":"920003464","nom":"SAD CCAS DE PUTEAUX","departement":"HAUTS DE SEINE"}},{"type":"Feature","geometry":{"type":"Point","coordinates":[-1.363853651794715,48.68483834511256]},"properties":{"finess":"500022785","nom":"SAD ASSOCIATION LOCALE ADMR","departement":"MANCHE"}},{"type":"Feature","geometry":{"type":"Point","coordinates":[0.08491633292659695,48.43217003127842]},"properties":{"finess":"610008690","nom":"AZAE ALENÇON","departement":"ORNE"}},{"type":"Feature","geometry":{"type":"Point","coordinates":[2.380225384944163,48.89614765620885]},"properties":{"finess":"750072407","nom":"SAAD ETHAN SERVICES A DOM","departement":"PARIS"}},{"type":"Feature","geometry":{"type":"Point","coordinates":[-1.682371306815335,48.10571399134636]},"properties":{"finess":"350041844","nom":"SAAD ADEF 35","departement":"ILLE ET VILAINE"}},{"type":"Feature","geometry":{"type":"Point","coordinates":[4.717619075759028,49.76069759654968]},"properties":{"finess":"080009038","nom":"SAD ALLIANCE SERVICES ARDENNE (ASA)","departement":"ARDENNES"}},{"type":"Feature","geometry":{"type":"Point","coordinates":[0.08462747747916977,48.43181723418552]},"properties":{"finess":"610007411","nom":"O2 ALENCON (GROUPE OUI CARE)","departement":"ORNE"}},{"type":"Feature","geometry":{"type":"Point","coordinates":[1.258597694684378,43.39662956723569]},"properties":{"finess":"310026174","nom":"SAAD LE COUP DE POUCE A DOMICILE","departement":"HAUTE GARONNE"}},{"type":"Feature","geometry":{"type":"Point","coordinates":[0.5435737434954456,47.54816267078998]},"properties":{"finess":"370016701","nom":"SAD DE LA RA L'ARCHE","departement":"INDRE ET LOIRE"}},{"type":"Feature","geometry":{"type":"Point","coordinates":[-1.099293234536913,45.67864940424092]},"properties":{"finess":"170026108","nom":"SAAD CAP SERVICES SAINT AUGUSTIN","departement":"CHARENTE MARITIME"}},{"type":"Feature","geometry":{"type":"Point","coordinates":[2.257554696691617,48.91426286915866]},"properties":{"finess":"920030293","nom":"SAAD PARTENAIRE SERVICES PARTICULIERS","departement":"HAUTS DE SEINE"}},{"type":"Feature","geometry":{"type":"Point","coordinates":[-1.505965197415174,47.20628682208273]},"properties":{"finess":"440054492","nom":"SAAD SERVICE DOM","departement":"LOIRE ATLANTIQUE"}},{"type":"Feature","geometry":{"type":"Point","coordinates":[-0.3186000416127718,47.40880280012031]},"properties":{"finess":"490022936","nom":"SAAD POLE LRS 49","departement":"MAINE ET LOIRE"}},{"type":"Feature","geometry":{"type":"Point","coordinates":[-1.449884888514416,47.78388639873079]},"properties":{"finess":"440012565","nom":"SAAD CCAS ROUGE","departement":"LOIRE ATLANTIQUE"}},{"type":"Feature","geometry":{"type":"Point","coordinates":[0.1068409588716571,49.49808018321727]},"properties":{"finess":"760034058","nom":"SAAD ASS VIVRE ET DEVENIR LE HAVRE","departement":"SEINE MARITIME"}},{"type":"Feature","geometry":{"type":"Point","coordinates":[-0.3324160312537113,49.15476070968847]},"properties":{"finess":"140006552","nom":"SAD CCAS CORMELLES LE ROYAL","departement":"CALVADOS"}},{"type":"Feature","geometry":{"type":"Point","coordinates":[-3.108883211849607,47.60082467195087]},"properties":{"finess":"560029860","nom":"SAAD COCOONING SERVICES","departement":"MORBIHAN"}},{"type":"Feature","geometry":{"type":"Point","coordinates":[2.303992658584562,48.75150664240763]},"properties":{"finess":"920031614","nom":"SAD O2 ANTONY","departement":"HAUTS DE SEINE"}},{"type":"Feature","geometry":{"type":"Point","coordinates":[4.352262987909305,43.82923705758807]},"properties":{"finess":"300011780","nom":"SAAD ESPACE SOCIAL","departement":"GARD"}},{"type":"Feature","geometry":{"type":"Point","coordinates":[4.102332189611311,44.12243138035989]},"properties":{"finess":"300018637","nom":"SAAD DB SERVICES-AGIRADOM30","departement":"GARD"}},{"type":"Feature","geometry":{"type":"Point","coordinates":[1.260408860714394,45.83235869434409]},"properties":{"finess":"870018553","nom":"SAAD O2 LIMOGES","departement":"HAUTE VIENNE"}},{"type":"Feature","geometry":{"type":"Point","coordinates":[3.320970739491405,50.28246257200495]},"properties":{"finess":"590054441","nom":"SAD DE L'ASSO ASECEF","departement":"NORD"}},{"type":"Feature","geometry":{"type":"Point","coordinates":[5.502795300553609,45.34910029533472]},"properties":{"finess":"380020339","nom":"O2 BIEVRE ISERE","departement":"ISERE"}},{"type":"Feature","geometry":{"type":"Point","coordinates":[4.29071749378068,45.11397357732439]},"properties":{"finess":"430010090","nom":"ADMR TENCE","departement":"HAUTE LOIRE"}},{"type":"Feature","geometry":{"type":"Point","coordinates":[3.848824283396787,45.33298702065307]},"properties":{"finess":"430009803","nom":"ADMR CRAPONNE SUR ARZON","departement":"HAUTE LOIRE"}},{"type":"Feature","geometry":{"type":"Point","coordinates":[3.718537888492992,45.20230625610242]},"properties":{"finess":"430009696","nom":"ADMR ABBAYE MONTBAR","departement":"HAUTE LOIRE"}},{"type":"Feature","geometry":{"type":"Point","coordinates":[4.335862228872887,45.26622583747492]},"properties":{"finess":"430010058","nom":"ADMR ST ROMAIN LACHALM","departement":"HAUTE LOIRE"}},{"type":"Feature","geometry":{"type":"Point","coordinates":[3.95690690423496,45.35674160096447]},"properties":{"finess":"430010108","nom":"ADMR TIRANGE BOISSET ST PAL EN CHALENC","departement":"HAUTE LOIRE"}},{"type":"Feature","geometry":{"type":"Point","coordinates":[3.383738839698387,45.29174302884003]},"properties":{"finess":"430009753","nom":"ADMR BRIOUDE","departement":"HAUTE LOIRE"}},{"type":"Feature","geometry":{"type":"Point","coordinates":[4.124467444232562,45.14557768505164]},"properties":{"finess":"430010116","nom":"ADMR YSSINGEAUX","departement":"HAUTE LOIRE"}},{"type":"Feature","geometry":{"type":"Point","coordinates":[4.274252136720152,45.24574336849069]},"properties":{"finess":"430010033","nom":"ADMR ST PAL DE MONS","departement":"HAUTE LOIRE"}},{"type":"Feature","geometry":{"type":"Point","coordinates":[3.503915195192735,45.35870713025992]},"properties":{"finess":"430009787","nom":"ADMR CHAMPAGNAC LE VIEUX","departement":"HAUTE LOIRE"}},{"type":"Feature","geometry":{"type":"Point","coordinates":[4.097006422953255,45.2597967026618]},"properties":{"finess":"430009738","nom":"ADMR BEAUZAC","departement":"HAUTE LOIRE"}},{"type":"Feature","geometry":{"type":"Point","coordinates":[4.033078259267157,45.20433499079824]},"properties":{"finess":"430009944","nom":"ADMR RETOURNAC","departement":"HAUTE LOIRE"}},{"type":"Feature","geometry":{"type":"Point","coordinates":[4.199582413797649,45.36968476792288]},"properties":{"finess":"430009704","nom":"ADMR AUREC SUR LOIRE","departement":"HAUTE LOIRE"}},{"type":"Feature","geometry":{"type":"Point","coordinates":[4.31168506135818,45.34053114579659]},"properties":{"finess":"430010017","nom":"ADMR ST JUST MALMONT","departement":"HAUTE LOIRE"}},{"type":"Feature","geometry":{"type":"Point","coordinates":[3.948649482719741,45.13811899284318]},"properties":{"finess":"430009811","nom":"ADMR EMBLAVEZ","departement":"HAUTE LOIRE"}},{"type":"Feature","geometry":{"type":"Point","coordinates":[3.514537868202507,45.2077868669946]},"properties":{"finess":"430009902","nom":"ADMR PAULHAGUET","departement":"HAUTE LOIRE"}},{"type":"Feature","geometry":{"type":"Point","coordinates":[4.138028494935063,45.22293536413946]},"properties":{"finess":"430010025","nom":"ADMR ST MAURICE DE LIGNON - LES VILLET","departement":"HAUTE LOIRE"}},{"type":"Feature","geometry":{"type":"Point","coordinates":[4.056044587172431,45.03525982862768]},"properties":{"finess":"430010009","nom":"ADMR MEZENC MEYGAL","departement":"HAUTE LOIRE"}},{"type":"Feature","geometry":{"type":"Point","coordinates":[4.274123636244874,45.30211840517969]},"properties":{"finess":"430009985","nom":"ADMR VAL DE SEMENE","departement":"HAUTE LOIRE"}},{"type":"Feature","geometry":{"type":"Point","coordinates":[3.829694456656802,44.84301944650733]},"properties":{"finess":"430009860","nom":"ADMR LANDOS-PRADELLES","departement":"HAUTE LOIRE"}},{"type":"Feature","geometry":{"type":"Point","coordinates":[3.882301033877866,44.77141637069411]},"properties":{"finess":"430009928","nom":"ADMR PRADELLES","departement":"HAUTE LOIRE"}},{"type":"Feature","geometry":{"type":"Point","coordinates":[4.346452401341162,45.21780815637253]},"properties":{"finess":"430009894","nom":"ADMR HAUT PAYS DU VELAY","departement":"HAUTE LOIRE"}},{"type":"Feature","geometry":{"type":"Point","coordinates":[3.40206772728819,45.14773874028828]},"properties":{"finess":"430009878","nom":"ADMR LAVOUTE CHILHAC","departement":"HAUTE LOIRE"}},{"type":"Feature","geometry":{"type":"Point","coordinates":[3.808992308435279,45.13329774538974]},"properties":{"finess":"430010041","nom":"ADMR ST PAULIEN","departement":"HAUTE LOIRE"}},{"type":"Feature","geometry":{"type":"Point","coordinates":[4.312347197283964,45.29157947404381]},"properties":{"finess":"430010066","nom":"ADMR ST VICTOR MALESCOURS","departement":"HAUTE LOIRE"}},{"type":"Feature","geometry":{"type":"Point","coordinates":[4.109597589078469,45.3055361273354]},"properties":{"finess":"430009720","nom":"ADMR BAS EN BASSET","departement":"HAUTE LOIRE"}},{"type":"Feature","geometry":{"type":"Point","coordinates":[3.547506558775623,44.96212002023383]},"properties":{"finess":"430009969","nom":"ADMR SAUGUES","departement":"HAUTE LOIRE"}},{"type":"Feature","geometry":{"type":"Point","coordinates":[4.172841751934713,45.29395943980702]},"properties":{"finess":"430009886","nom":"ADMR MONISTROL SUR LOIRE/LA CHAPELLE D","departement":"HAUTE LOIRE"}},{"type":"Feature","geometry":{"type":"Point","coordinates":[3.916370948083624,44.99878728174194]},"properties":{"finess":"430009795","nom":"ADMR COUBON ARSAC EN VELAY","departement":"HAUTE LOIRE"}},{"type":"Feature","geometry":{"type":"Point","coordinates":[3.968949990987919,45.03803630851615]},"properties":{"finess":"430009746","nom":"ADMR BLAVOZY ST GERMAIN LAPRADE","departement":"HAUTE LOIRE"}},{"type":"Feature","geometry":{"type":"Point","coordinates":[3.320221948628403,45.4065850028711]},"properties":{"finess":"430010074","nom":"ADMR STE FLORINE","departement":"HAUTE LOIRE"}},{"type":"Feature","geometry":{"type":"Point","coordinates":[3.887255194862938,44.96793416806914]},"properties":{"finess":"430009977","nom":"ADMR SOLIGNAC SUR LOIRE","departement":"HAUTE LOIRE"}},{"type":"Feature","geometry":{"type":"Point","coordinates":[4.235364537606008,45.2412585090252]},"properties":{"finess":"430010082","nom":"ADMR STE SIGOLENE","departement":"HAUTE LOIRE"}},{"type":"Feature","geometry":{"type":"Point","coordinates":[4.301909619765439,45.06117397194647]},"properties":{"finess":"430009779","nom":"ADMR CHAMBON SUR LIGNON LE MAZET","departement":"HAUTE LOIRE"}},{"type":"Feature","geometry":{"type":"Point","coordinates":[4.21760508839659,45.18161416340283]},"properties":{"finess":"430009852","nom":"ADMR GRAZAC-LAPTE","departement":"HAUTE LOIRE"}},{"type":"Feature","geometry":{"type":"Point","coordinates":[3.902031415677318,45.05987596654756]},"properties":{"finess":"430009936","nom":"ADMR LE PUY EN VELAY","departement":"HAUTE LOIRE"}},{"type":"Feature","geometry":{"type":"Point","coordinates":[3.807709588589648,44.9247417089254]},"properties":{"finess":"430009761","nom":"ADMR CAYRES","departement":"HAUTE LOIRE"}},{"type":"Feature","geometry":{"type":"Point","coordinates":[3.234523433931359,45.30702075476876]},"properties":{"finess":"430009829","nom":"ADMR DU PAYS D'ALLAGNON","departement":"HAUTE LOIRE"}},{"type":"Feature","geometry":{"type":"Point","coordinates":[3.860051312880622,45.0709826681889]},"properties":{"finess":"430009910","nom":"ADMR POLIGNAC","departement":"HAUTE LOIRE"}},{"type":"Feature","geometry":{"type":"Point","coordinates":[3.494890609599881,45.10015477171434]},"properties":{"finess":"430009837","nom":"ADMR DU PAYS DE LANGEAC","departement":"HAUTE LOIRE"}},{"type":"Feature","geometry":{"type":"Point","coordinates":[3.820557565209556,44.99753874429795]},"properties":{"finess":"430009712","nom":"ADMR BAINS/SOLIGNAC SUR LOIRE","departement":"HAUTE LOIRE"}},{"type":"Feature","geometry":{"type":"Point","coordinates":[2.043540281302704,48.78585003961018]},"properties":{"finess":"780027033","nom":"SAAD O2 SAINT QUENTIN","departement":"YVELINES"}},{"type":"Feature","geometry":{"type":"Point","coordinates":[5.685628782473671,45.19728326013253]},"properties":{"finess":"380024588","nom":"DEPANN'FAMILLES","departement":"ISERE"}},{"type":"Feature","geometry":{"type":"Point","coordinates":[1.830297668975804,48.64244731257632]},"properties":{"finess":"780024642","nom":"SAAD O2 RAMBOUILLET","departement":"YVELINES"}},{"type":"Feature","geometry":{"type":"Point","coordinates":[1.419877530353047,43.57045224282942]},"properties":{"finess":"310030085","nom":"SAAD O COTE DES PARENTS","departement":"HAUTE GARONNE"}},{"type":"Feature","geometry":{"type":"Point","coordinates":[1.874778865868448,47.95117501675659]},"properties":{"finess":"450018403","nom":"SAAD SERVICE DE MAINTIEN A DOMCILE","departement":"LOIRET"}},{"type":"Feature","geometry":{"type":"Point","coordinates":[-0.94077058125317,44.60695674208669]},"properties":{"finess":"330800814","nom":"SAA AISAD BIGANOS","departement":"GIRONDE"}},{"type":"Feature","geometry":{"type":"Point","coordinates":[2.206120261067598,48.8921531313642]},"properties":{"finess":"920003431","nom":"SAD CCAS DE NANTERRE","departement":"HAUTS DE SEINE"}},{"type":"Feature","geometry":{"type":"Point","coordinates":[6.987441464042131,43.60399089699057]},"properties":{"finess":"060029436","nom":"SAAD RESIDEA","departement":"ALPES MARITIMES"}},{"type":"Feature","geometry":{"type":"Point","coordinates":[7.113826428326642,43.60310354707041]},"properties":{"finess":"060029451","nom":"SAAD RESIDEA ANTIBES","departement":"ALPES MARITIMES"}},{"type":"Feature","geometry":{"type":"Point","coordinates":[7.268784873355848,43.6996117928874]},"properties":{"finess":"060029444","nom":"SAAD RESIDEA NICE","departement":"ALPES MARITIMES"}},{"type":"Feature","geometry":{"type":"Point","coordinates":[0.08574184072964018,48.43262784077746]},"properties":{"finess":"610005969","nom":"SAD ALENCON ASS UNA ALENCON-PERCHE","departement":"ORNE"}},{"type":"Feature","geometry":{"type":"Point","coordinates":[2.377576482894911,43.48994400566769]},"properties":{"finess":"810011783","nom":"SAAD FDN, JOHN BOST/ REFUGE PROTESTANT","departement":"TARN"}},{"type":"Feature","geometry":{"type":"Point","coordinates":[3.067134297703515,50.63503743028232]},"properties":{"finess":"590053617","nom":"SAD O2 LILLE EST","departement":"NORD"}},{"type":"Feature","geometry":{"type":"Point","coordinates":[-2.428003758327421,47.3247950660474]},"properties":{"finess":"440012334","nom":"SAAD CCAS GUERANDE","departement":"LOIRE ATLANTIQUE"}},{"type":"Feature","geometry":{"type":"Point","coordinates":[5.729648336824241,45.18278957634521]},"properties":{"finess":"380020313","nom":"SAD O2 GRENOBLE VICTOR HUGO","departement":"ISERE"}},{"type":"Feature","geometry":{"type":"Point","coordinates":[4.820556061006344,45.48758023053249]},"properties":{"finess":"380026302","nom":"O2 VIENNE","departement":"ISERE"}},{"type":"Feature","geometry":{"type":"Point","coordinates":[1.479032836726524,43.5770572891789]},"properties":{"finess":"310030465","nom":"SAAD SOLEIL POUR TOUS","departement":"HAUTE GARONNE"}},{"type":"Feature","geometry":{"type":"Point","coordinates":[-1.415341728268268,46.66232866442811]},"properties":{"finess":"850028630","nom":"SAA ADAMAD","departement":"VENDEE"}},{"type":"Feature","geometry":{"type":"Point","coordinates":[-1.569938939489945,47.21022176492524]},"properties":{"finess":"440057669","nom":"SAAD RESIDENCE RENAISSANCES GRASLIN","departement":"LOIRE ATLANTIQUE"}},{"type":"Feature","geometry":{"type":"Point","coordinates":[1.266999860208974,45.83115759744653]},"properties":{"finess":"870014933","nom":"SAAD VIE PAISIBLE","departement":"HAUTE VIENNE"}},{"type":"Feature","geometry":{"type":"Point","coordinates":[5.924466442408055,43.4075088853934]},"properties":{"finess":"830022968","nom":"SAAD ASSOCIATION ATOUT SERVICES ADMR","departement":"VAR"}},{"type":"Feature","geometry":{"type":"Point","coordinates":[0.3358363638784768,46.58378608476465]},"properties":{"finess":"860016070","nom":"SAA DOMILIA POITIERS","departement":"VIENNE"}},{"type":"Feature","geometry":{"type":"Point","coordinates":[-1.495484175734936,47.29601229411522]},"properties":{"finess":"440024826","nom":"SAAD CCAS CARQUEFOU","departement":"LOIRE ATLANTIQUE"}},{"type":"Feature","geometry":{"type":"Point","coordinates":[-0.532869843761879,47.47650494643626]},"properties":{"finess":"490020518","nom":"SAA 02 ANGERS OUEST","departement":"MAINE ET LOIRE"}},{"type":"Feature","geometry":{"type":"Point","coordinates":[6.1719339155068,49.1112940705995]},"properties":{"finess":"570027219","nom":"SAAD BIEN A LA MAISON ONELA","departement":"MOSELLE"}},{"type":"Feature","geometry":{"type":"Point","coordinates":[1.969203536620282,47.91133831246162]},"properties":{"finess":"450023817","nom":"SAD LA COLOMBE 45","departement":"LOIRET"}},{"type":"Feature","geometry":{"type":"Point","coordinates":[4.828542354942279,43.9327649538048]},"properties":{"finess":"840020440","nom":"SAAD AIDE ET SERVICES DU GRAND SUD","departement":"VAUCLUSE"}},{"type":"Feature","geometry":{"type":"Point","coordinates":[-0.9253786659897041,45.67553556895091]},"properties":{"finess":"170020465","nom":"SAAD CCAS DE SAUJON","departement":"CHARENTE MARITIME"}},{"type":"Feature","geometry":{"type":"Point","coordinates":[1.417243335098466,43.59524485517018]},"properties":{"finess":"310029418","nom":"SAAD CP-DOMICILE","departement":"HAUTE GARONNE"}},{"type":"Feature","geometry":{"type":"Point","coordinates":[2.264276772433133,48.79973314138984]},"properties":{"finess":"920035037","nom":"SAD YZZEO MAINTIEN ADOM","departement":"HAUTS DE SEINE"}},{"type":"Feature","geometry":{"type":"Point","coordinates":[6.235393174515464,46.19364256743218]},"properties":{"finess":"740018577","nom":"ELIKEN SERVICES","departement":"HAUTE SAVOIE"}},{"type":"Feature","geometry":{"type":"Point","coordinates":[6.163539010795053,49.10153794447522]},"properties":{"finess":"570029447","nom":"SAAD VILLA BEAU SOLEIL METZ","departement":"MOSELLE"}},{"type":"Feature","geometry":{"type":"Point","coordinates":[0.3366153493504785,46.57788137128414]},"properties":{"finess":"860015858","nom":"SAAD O2 POITIERS","departement":"VIENNE"}},{"type":"Feature","geometry":{"type":"Point","coordinates":[4.936093533412508,45.76785873293343]},"properties":{"finess":"690046073","nom":"SAAD DOMALIANCE VAULX EN VELIN","departement":"RHONE"}},{"type":"Feature","geometry":{"type":"Point","coordinates":[3.856369390389452,44.72740955463454]},"properties":{"finess":"480003581","nom":"SAD ADMR GARGANTUA","departement":"LOZERE"}},{"type":"Feature","geometry":{"type":"Point","coordinates":[3.594162394444395,44.32482703058279]},"properties":{"finess":"480003409","nom":"SAD ADMR L 'EMPEZOU","departement":"LOZERE"}},{"type":"Feature","geometry":{"type":"Point","coordinates":[3.496473658026888,44.51809864054393]},"properties":{"finess":"480003425","nom":"SAD ADMR LE MONT MIMAT","departement":"LOZERE"}},{"type":"Feature","geometry":{"type":"Point","coordinates":[6.492896296531457,49.1778392997653]},"properties":{"finess":"570028258","nom":"SAAD RES-SERV VILLA BEAU SOLEIL BOULAY","departement":"MOSELLE"}},{"type":"Feature","geometry":{"type":"Point","coordinates":[-0.532869843761879,47.47650494643626]},"properties":{"finess":"490022571","nom":"SAAD O2 ANGERS EST","departement":"MAINE ET LOIRE"}},{"type":"Feature","geometry":{"type":"Point","coordinates":[2.291846350843401,48.89168443073146]},"properties":{"finess":"920042504","nom":"VILLA BEAUSOLEIL PARIS LEVALLOIS","departement":"HAUTS DE SEINE"}},{"type":"Feature","geometry":{"type":"Point","coordinates":[2.36795186718694,48.86001758700395]},"properties":{"finess":"750068595","nom":"SAAD DOUCEUR & QUOTIDIEN","departement":"PARIS"}},{"type":"Feature","geometry":{"type":"Point","coordinates":[2.140456430095627,48.94754502479316]},"properties":{"finess":"780026860","nom":"SAAD LES JARDINS D'ARCADIE","departement":"YVELINES"}},{"type":"Feature","geometry":{"type":"Point","coordinates":[6.129970189977423,43.11559424164538]},"properties":{"finess":"830022604","nom":"SAAD SANTE ET SOLIDARITE DU VAR","departement":"VAR"}},{"type":"Feature","geometry":{"type":"Point","coordinates":[5.867333685990253,43.08415924882371]},"properties":{"finess":"830021598","nom":"SAAD PREVENANCE SENIOR","departement":"VAR"}},{"type":"Feature","geometry":{"type":"Point","coordinates":[7.354378230501331,43.833997001768]},"properties":{"finess":"060026648","nom":"SAAD L'AGE D'OR DU PAILLON - ADDP","departement":"ALPES MARITIMES"}},{"type":"Feature","geometry":{"type":"Point","coordinates":[2.283932861115082,48.80632460458627]},"properties":{"finess":"920034725","nom":"SAD FAMILLE SERVICES","departement":"HAUTS DE SEINE"}},{"type":"Feature","geometry":{"type":"Point","coordinates":[2.431095512158877,48.80128931444518]},"properties":{"finess":"940028418","nom":"SAA CCAS DE MAISONS-ALFORT","departement":"VAL DE MARNE"}},{"type":"Feature","geometry":{"type":"Point","coordinates":[-1.603688507810705,47.19834402198211]},"properties":{"finess":"440054476","nom":"SAAD DISSARD LANGLOIS","departement":"LOIRE ATLANTIQUE"}},{"type":"Feature","geometry":{"type":"Point","coordinates":[4.772996534291422,45.73901856745498]},"properties":{"finess":"690048558","nom":"SAAD LA FEE CASTOR","departement":"RHONE"}},{"type":"Feature","geometry":{"type":"Point","coordinates":[4.811819247125433,45.75769131309224]},"properties":{"finess":"690046594","nom":"SAA AINEOR","departement":"RHONE"}},{"type":"Feature","geometry":{"type":"Point","coordinates":[6.171005539121636,49.10311297203342]},"properties":{"finess":"570028928","nom":"SAAD O2 METZ","departement":"MOSELLE"}},{"type":"Feature","geometry":{"type":"Point","coordinates":[2.220413530601943,48.81920417957291]},"properties":{"finess":"920042447","nom":"VILLA BEAUSOLEIL CHATEAU DE MEUDON","departement":"HAUTS DE SEINE"}},{"type":"Feature","geometry":{"type":"Point","coordinates":[2.28736255617735,48.89263899791454]},"properties":{"finess":"920003399","nom":"SAD ASDL","departement":"HAUTS DE SEINE"}},{"type":"Feature","geometry":{"type":"Point","coordinates":[5.87757086860703,43.11102528497075]},"properties":{"finess":"830024014","nom":"SAAD 02 COTE VAROISE","departement":"VAR"}},{"type":"Feature","geometry":{"type":"Point","coordinates":[-0.3497735821898719,49.1377937199037]},"properties":{"finess":"140006701","nom":"SAD CCAS IFS","departement":"CALVADOS"}},{"type":"Feature","geometry":{"type":"Point","coordinates":[6.141960730500934,43.10283585246714]},"properties":{"finess":"830021572","nom":"SAAD 02 HYERES","departement":"VAR"}},{"type":"Feature","geometry":{"type":"Point","coordinates":[2.038084701553018,44.35270881105235]},"properties":{"finess":"120008370","nom":"SAAD O2 VILLEFRANCHE DE ROUERGUE","departement":"AVEYRON"}},{"type":"Feature","geometry":{"type":"Point","coordinates":[6.78178769062147,43.44046990900735]},"properties":{"finess":"830021994","nom":"SAAD AGENCE SERVICES & AIDE A DOMICILE","departement":"VAR"}},{"type":"Feature","geometry":{"type":"Point","coordinates":[0.09964253036032657,48.41801541842418]},"properties":{"finess":"610008773","nom":"DOMITYS \"LE JARDIN DES LYS\"","departement":"ORNE"}},{"type":"Feature","geometry":{"type":"Point","coordinates":[1.309577176392243,45.839311118874]},"properties":{"finess":"870018629","nom":"SAAD DOMITYS LES CHATAIGNIERS","departement":"HAUTE VIENNE"}},{"type":"Feature","geometry":{"type":"Point","coordinates":[6.851851126220549,47.55846410612232]},"properties":{"finess":"900004243","nom":"SAAD AGES ET VIE SERVICES","departement":"TERRITOIRE DE BELFORT"}},{"type":"Feature","geometry":{"type":"Point","coordinates":[6.828601778109854,47.63274985233036]},"properties":{"finess":"900004250","nom":"SAAD AGES ET VIE SERVICES","departement":"TERRITOIRE DE BELFORT"}},{"type":"Feature","geometry":{"type":"Point","coordinates":[6.943568300010257,48.58058083419588]},"properties":{"finess":"540024874","nom":"SAAD MAISON AGES & VIE","departement":"MEURTHE ET MOSELLE"}},{"type":"Feature","geometry":{"type":"Point","coordinates":[6.536332032185717,48.59599179512791]},"properties":{"finess":"540026622","nom":"SAAD MAISON AGES & VIE","departement":"MEURTHE ET MOSELLE"}},{"type":"Feature","geometry":{"type":"Point","coordinates":[6.894634746434571,48.49896561992389]},"properties":{"finess":"540026630","nom":"SAAD MAISON AGES & VIE","departement":"MEURTHE ET MOSELLE"}},{"type":"Feature","geometry":{"type":"Point","coordinates":[6.736393495454442,48.44670423029912]},"properties":{"finess":"540026648","nom":"SAAD MAISON AGES & VIE","departement":"MEURTHE ET MOSELLE"}},{"type":"Feature","geometry":{"type":"Point","coordinates":[6.0690924806051,48.83850294347021]},"properties":{"finess":"540026655","nom":"SAAD MAISON AGES & VIE","departement":"MEURTHE ET MOSELLE"}},{"type":"Feature","geometry":{"type":"Point","coordinates":[5.833960675943699,48.64453727840091]},"properties":{"finess":"540026663","nom":"SAAD MAISON AGES & VIE","departement":"MEURTHE ET MOSELLE"}},{"type":"Feature","geometry":{"type":"Point","coordinates":[5.932795014217666,49.20492502414499]},"properties":{"finess":"540026671","nom":"SAAD MAISON AGES & VIE","departement":"MEURTHE ET MOSELLE"}},{"type":"Feature","geometry":{"type":"Point","coordinates":[3.217307456121592,49.62210280014886]},"properties":{"finess":"020018883","nom":"SAAD AGES ET VIE","departement":"AISNE"}},{"type":"Feature","geometry":{"type":"Point","coordinates":[3.453448414234677,49.79192466082107]},"properties":{"finess":"020018610","nom":"SAAD AGES ET VIE - RIBEMONT","departement":"AISNE"}},{"type":"Feature","geometry":{"type":"Point","coordinates":[-0.9498098252371117,47.70202739602424]},"properties":{"finess":"490023934","nom":"SAA AGE ET VIE","departement":"MAINE ET LOIRE"}},{"type":"Feature","geometry":{"type":"Point","coordinates":[-0.7158674789443908,47.11803879696168]},"properties":{"finess":"490023942","nom":"SAA AGE ET VIE","departement":"MAINE ET LOIRE"}},{"type":"Feature","geometry":{"type":"Point","coordinates":[5.162620634404764,46.28689264801082]},"properties":{"finess":"010011658","nom":"SAAD AGES ET VIE","departement":"AIN"}},{"type":"Feature","geometry":{"type":"Point","coordinates":[4.797603446016927,46.09376035725011]},"properties":{"finess":"010012524","nom":"SAAD AGES ET VIE SERVICE DE LA RESIDEN","departement":"AIN"}},{"type":"Feature","geometry":{"type":"Point","coordinates":[5.345857968471088,46.38113898300833]},"properties":{"finess":"010012516","nom":"SAAD AGES ET VIE SERVICES RES. COLIGNY","departement":"AIN"}},{"type":"Feature","geometry":{"type":"Point","coordinates":[5.074557653017183,46.45770518942251]},"properties":{"finess":"010012664","nom":"SAAD AGES ET VIES SERVICES ST TRIVIER","departement":"AIN"}},{"type":"Feature","geometry":{"type":"Point","coordinates":[-1.427246138981187,48.32453512896347]},"properties":{"finess":"350055281","nom":"SAAD AGES ET VIE","departement":"ILLE ET VILAINE"}},{"type":"Feature","geometry":{"type":"Point","coordinates":[3.071397519579705,47.78000204182676]},"properties":{"finess":"890010507","nom":"SAAD AGES & VIE CHAMPIGNELLES","departement":"YONNE"}},{"type":"Feature","geometry":{"type":"Point","coordinates":[2.540096940911995,50.72397873888405]},"properties":{"finess":"590063285","nom":"BIEN A LA MAISON (ONELA) HAZEBROUCK","departement":"NORD"}},{"type":"Feature","geometry":{"type":"Point","coordinates":[2.604557434096363,46.33811275368404]},"properties":{"finess":"030009682","nom":"SAA SOLUTIA MONTLUCON","departement":"ALLIER"}},{"type":"Feature","geometry":{"type":"Point","coordinates":[2.299371434818177,48.89487723785521]},"properties":{"finess":"920042488","nom":"VILLA BEAUSOLEIL LEVALLOIS JULES VERNE","departement":"HAUTS DE SEINE"}},{"type":"Feature","geometry":{"type":"Point","coordinates":[1.880368901198652,48.8097081727071]},"properties":{"finess":"780026753","nom":"LA VIE SIMPLE","departement":"YVELINES"}},{"type":"Feature","geometry":{"type":"Point","coordinates":[-1.54636123393654,47.1850268357839]},"properties":{"finess":"440056968","nom":"SAAD O2 NANTES SUD","departement":"LOIRE ATLANTIQUE"}},{"type":"Feature","geometry":{"type":"Point","coordinates":[0.06830926088091364,48.44768258206043]},"properties":{"finess":"610008765","nom":"VITALLIANCE","departement":"ORNE"}},{"type":"Feature","geometry":{"type":"Point","coordinates":[2.402432834212233,48.83796723031643]},"properties":{"finess":"750060568","nom":"SAD O2 PARIS 12","departement":"PARIS"}},{"type":"Feature","geometry":{"type":"Point","coordinates":[-1.624242193514258,48.13166780884946]},"properties":{"finess":"350052510","nom":"SAAD 02 CESSON SEVIGNE","departement":"ILLE ET VILAINE"}},{"type":"Feature","geometry":{"type":"Point","coordinates":[-0.6052075811089299,44.97392331084629]},"properties":{"finess":"330066416","nom":"SAAD ORMALI","departement":"GIRONDE"}},{"type":"Feature","geometry":{"type":"Point","coordinates":[4.615386375877514,43.68183177516274]},"properties":{"finess":"130048705","nom":"SAAD ARLES VIEILLIR EN CITOYEN","departement":"BOUCHES DU RHONE"}},{"type":"Feature","geometry":{"type":"Point","coordinates":[3.930183680882589,50.12207807761353]},"properties":{"finess":"590070975","nom":"SAAD DOM'EPI","departement":"NORD"}},{"type":"Feature","geometry":{"type":"Point","coordinates":[6.074642745998215,43.23782528693556]},"properties":{"finess":"830022539","nom":"SAAD AD VITA","departement":"VAR"}},{"type":"Feature","geometry":{"type":"Point","coordinates":[-0.3769106665705189,49.147847151896]},"properties":{"finess":"140006636","nom":"SAD CCAS FLEURY SUR ORNE","departement":"CALVADOS"}},{"type":"Feature","geometry":{"type":"Point","coordinates":[2.886336500179604,50.68851943073874]},"properties":{"finess":"590071684","nom":"ONELA BIEN A LA MAISON ARMENTIERE","departement":"NORD"}},{"type":"Feature","geometry":{"type":"Point","coordinates":[3.145591458369679,50.6745177560727]},"properties":{"finess":"590071692","nom":"ONELA BIEN A LA MAISON CROIX","departement":"NORD"}},{"type":"Feature","geometry":{"type":"Point","coordinates":[1.44494757857348,43.59122809417151]},"properties":{"finess":"310025960","nom":"SAAD BIEN A LA MAISON","departement":"HAUTE GARONNE"}},{"type":"Feature","geometry":{"type":"Point","coordinates":[3.518631516648693,50.35727217160543]},"properties":{"finess":"590063525","nom":"BIEN A LA MAISON (ONELA) VALENCIENNES","departement":"NORD"}},{"type":"Feature","geometry":{"type":"Point","coordinates":[3.04159653835175,50.63364414064142]},"properties":{"finess":"590058152","nom":"BIEN A LA MAISON (ONELA) LILLE","departement":"NORD"}},{"type":"Feature","geometry":{"type":"Point","coordinates":[3.879154519608144,43.61476699390369]},"properties":{"finess":"340022714","nom":"SAAD BIEN A LA MAISON","departement":"HERAULT"}},{"type":"Feature","geometry":{"type":"Point","coordinates":[-1.111966048886065,46.13282340731976]},"properties":{"finess":"170026074","nom":"SAA BIEN A LA MAISON - ONELA","departement":"CHARENTE MARITIME"}},{"type":"Feature","geometry":{"type":"Point","coordinates":[-1.563485280213713,47.23023966585892]},"properties":{"finess":"440052926","nom":"SAA ONELA BIEN A LA MAISON","departement":"LOIRE ATLANTIQUE"}},{"type":"Feature","geometry":{"type":"Point","coordinates":[-2.214565415471379,47.28322567727184]},"properties":{"finess":"440058238","nom":"SAA ONELA BIEN A LA MAISON","departement":"LOIRE ATLANTIQUE"}},{"type":"Feature","geometry":{"type":"Point","coordinates":[1.26198709040052,45.82868197747649]},"properties":{"finess":"870017654","nom":"SAAD ONELA BIEN A LA MAISON","departement":"HAUTE VIENNE"}},{"type":"Feature","geometry":{"type":"Point","coordinates":[5.071795831928526,47.32355202038304]},"properties":{"finess":"210014262","nom":"ONELA","departement":"COTE D OR"}},{"type":"Feature","geometry":{"type":"Point","coordinates":[0.2062987421648334,48.0021945999274]},"properties":{"finess":"720020395","nom":"SAAD ONELA BIEN A LA MAISON","departement":"SARTHE"}},{"type":"Feature","geometry":{"type":"Point","coordinates":[-1.553538472709238,43.48207626912321]},"properties":{"finess":"640018313","nom":"SAAD BIEN A LA MAISON","departement":"PYRENEES ATLANTIQUES"}},{"type":"Feature","geometry":{"type":"Point","coordinates":[2.358479060637586,48.8373105786502]},"properties":{"finess":"750064404","nom":"SAAD BIEN A LA MAISON ONELA PARIS 13","departement":"PARIS"}},{"type":"Feature","geometry":{"type":"Point","coordinates":[2.263992161917209,48.95073403846904]},"properties":{"finess":"950041129","nom":"SAD BIEN A LA MAISON ONELA ARGENTEUIL","departement":"VAL D OISE"}},{"type":"Feature","geometry":{"type":"Point","coordinates":[4.067994579141003,45.60393596569128]},"properties":{"finess":"420014771","nom":"SAA BIEN A LA MAISON MONTBRISON -ONELA","departement":"LOIRE"}},{"type":"Feature","geometry":{"type":"Point","coordinates":[2.387276990582293,48.85559078113356]},"properties":{"finess":"750057135","nom":"SAAD BIEN A LA MAISON ONELA PARIS 11","departement":"PARIS"}},{"type":"Feature","geometry":{"type":"Point","coordinates":[4.411759736442157,45.42923926694626]},"properties":{"finess":"420014698","nom":"SAA BIEN A LA MAISON ST-ETIENNE -ONELA","departement":"LOIRE"}},{"type":"Feature","geometry":{"type":"Point","coordinates":[4.509450657802423,45.47667617328526]},"properties":{"finess":"420014706","nom":"SAA BIEN A LA MAISON ST-CHAMOND -ONELA","departement":"LOIRE"}},{"type":"Feature","geometry":{"type":"Point","coordinates":[2.271317506834132,48.88096620091522]},"properties":{"finess":"920037850","nom":"SAAD NH SERVICES ONELA NEUILLY SSEINE","departement":"HAUTS DE SEINE"}},{"type":"Feature","geometry":{"type":"Point","coordinates":[4.779487454897903,45.77434691600337]},"properties":{"finess":"690048152","nom":"SAAD OHANA","departement":"RHONE"}},{"type":"Feature","geometry":{"type":"Point","coordinates":[-2.204963457198876,47.27308262583241]},"properties":{"finess":"440057842","nom":"SAA ADHAP SERVICES","departement":"LOIRE ATLANTIQUE"}},{"type":"Feature","geometry":{"type":"Point","coordinates":[5.777828006787655,45.20975722453455]},"properties":{"finess":"380022848","nom":"SAAD CCAS MEYLAN","departement":"ISERE"}},{"type":"Feature","geometry":{"type":"Point","coordinates":[3.430898339635303,46.12925339313929]},"properties":{"finess":"030009930","nom":"SAAD VITALLIANCE","departement":"ALLIER"}},{"type":"Feature","geometry":{"type":"Point","coordinates":[-3.406040478412965,47.74179099131433]},"properties":{"finess":"560029027","nom":"SAAD VITALLIANCE PLOEMEUR","departement":"MORBIHAN"}},{"type":"Feature","geometry":{"type":"Point","coordinates":[-2.774152203370213,47.67937344252766]},"properties":{"finess":"560030785","nom":"SAAD VITALLIANCE VANNES","departement":"MORBIHAN"}},{"type":"Feature","geometry":{"type":"Point","coordinates":[4.921077048389736,45.75581925584815]},"properties":{"finess":"690047683","nom":"SAAD GIHP RHONE ALPES","departement":"RHONE"}},{"type":"Feature","geometry":{"type":"Point","coordinates":[-3.37115074216084,47.75093838782329]},"properties":{"finess":"560029423","nom":"SAAD AIDE FAMILIALE POPULAIRE","departement":"MORBIHAN"}},{"type":"Feature","geometry":{"type":"Point","coordinates":[5.218503397102413,46.21279139527678]},"properties":{"finess":"010010916","nom":"SAD A3H DOMALIANCE BOURG EN BRESSE","departement":"AIN"}},{"type":"Feature","geometry":{"type":"Point","coordinates":[4.349098287216313,43.83331829217023]},"properties":{"finess":"300019064","nom":"SAAD O2 NIMES","departement":"GARD"}},{"type":"Feature","geometry":{"type":"Point","coordinates":[2.377508326635459,51.03609127190265]},"properties":{"finess":"590069100","nom":"VIVAT DUNKERQUE","departement":"NORD"}},{"type":"Feature","geometry":{"type":"Point","coordinates":[3.104295338841154,50.66484245033642]},"properties":{"finess":"590053401","nom":"VIVAT MARCQ EN BAROEUL","departement":"NORD"}},{"type":"Feature","geometry":{"type":"Point","coordinates":[3.12715640980373,50.40694902508622]},"properties":{"finess":"590055133","nom":"VIVAT DOUAI","departement":"NORD"}},{"type":"Feature","geometry":{"type":"Point","coordinates":[2.737645161566336,50.7377874271814]},"properties":{"finess":"590056610","nom":"VIVAT BAILLEUL","departement":"NORD"}},{"type":"Feature","geometry":{"type":"Point","coordinates":[-1.65554627536352,43.38612969041575]},"properties":{"finess":"640019956","nom":"SAAD CONFORAVIE","departement":"PYRENEES ATLANTIQUES"}},{"type":"Feature","geometry":{"type":"Point","coordinates":[2.534487387546868,46.36045575820079]},"properties":{"finess":"030009708","nom":"SAAD AMPAD","departement":"ALLIER"}},{"type":"Feature","geometry":{"type":"Point","coordinates":[2.324783460463546,48.84635710590723]},"properties":{"finess":"750070989","nom":"SAA SOLUTIA PARIS","departement":"PARIS"}},{"type":"Feature","geometry":{"type":"Point","coordinates":[6.127586015177934,43.11833330212905]},"properties":{"finess":"830023164","nom":"SAAD CCAS DE HYERES","departement":"VAR"}},{"type":"Feature","geometry":{"type":"Point","coordinates":[5.831056203426322,44.53536538200407]},"properties":{"finess":"050009059","nom":"SAAD ADMR DE VEYNES - DEVOLUY","departement":"HAUTES ALPES"}},{"type":"Feature","geometry":{"type":"Point","coordinates":[6.221147271287641,44.46801822150067]},"properties":{"finess":"050008960","nom":"SAAD ADMR DE SERRE PONCON","departement":"HAUTES ALPES"}},{"type":"Feature","geometry":{"type":"Point","coordinates":[6.075456746230333,44.55822081374133]},"properties":{"finess":"050008986","nom":"SAAD ADMR DU GAPENCAIS","departement":"HAUTES ALPES"}},{"type":"Feature","geometry":{"type":"Point","coordinates":[6.630402429031983,44.90523642879761]},"properties":{"finess":"050008937","nom":"SAAD ADMR BRIANCONNAIS","departement":"HAUTES ALPES"}},{"type":"Feature","geometry":{"type":"Point","coordinates":[5.710869134738386,44.42685635649491]},"properties":{"finess":"050009034","nom":"SAAD ADMR ASSOCIATION LOCALE SERROISE","departement":"HAUTES ALPES"}},{"type":"Feature","geometry":{"type":"Point","coordinates":[5.754500684854778,44.52012145149773]},"properties":{"finess":"050008929","nom":"SAAD ADMR DE BUECH ET CHAURANNE","departement":"HAUTES ALPES"}},{"type":"Feature","geometry":{"type":"Point","coordinates":[6.405268614880486,44.52578221853962]},"properties":{"finess":"050009026","nom":"SAAD ADMR DU GRAND MORGON","departement":"HAUTES ALPES"}},{"type":"Feature","geometry":{"type":"Point","coordinates":[6.493393561026205,44.56219610290836]},"properties":{"finess":"050008952","nom":"SAAD ADMR DE L'EMBRUNAIS","departement":"HAUTES ALPES"}},{"type":"Feature","geometry":{"type":"Point","coordinates":[6.07375046441581,44.6814469543174]},"properties":{"finess":"050009018","nom":"SAAD ADMR DU CHAMPSAUR VALGAUDEMAR","departement":"HAUTES ALPES"}},{"type":"Feature","geometry":{"type":"Point","coordinates":[6.083507588438773,44.56260624747683]},"properties":{"finess":"050009125","nom":"SAAD ASSO ADMR D'AIDE À LA FAMILLE 05","departement":"HAUTES ALPES"}},{"type":"Feature","geometry":{"type":"Point","coordinates":[6.559507295016786,44.79406265964618]},"properties":{"finess":"050008911","nom":"SAAD ADMR DE L'ARGENTIÈRE & QUEYRAS","departement":"HAUTES ALPES"}},{"type":"Feature","geometry":{"type":"Point","coordinates":[5.470143994588557,44.39164269530515]},"properties":{"finess":"050009000","nom":"SAAD ADMR DU ROSANAIS","departement":"HAUTES ALPES"}},{"type":"Feature","geometry":{"type":"Point","coordinates":[6.275119154066261,44.54576440525363]},"properties":{"finess":"050008945","nom":"SAAD ADMR CHORGES - LA BATIE","departement":"HAUTES ALPES"}},{"type":"Feature","geometry":{"type":"Point","coordinates":[6.061541324243084,44.45651364725796]},"properties":{"finess":"050009042","nom":"SAAD ADMR DE TALLARD VAL DE DURANCE","departement":"HAUTES ALPES"}},{"type":"Feature","geometry":{"type":"Point","coordinates":[5.822970267598048,44.31518955468733]},"properties":{"finess":"050008994","nom":"SAAD ADMR DE LARAGNE ET RIBIERS","departement":"HAUTES ALPES"}},{"type":"Feature","geometry":{"type":"Point","coordinates":[-1.485716289929343,47.26468678743761]},"properties":{"finess":"440054716","nom":"SAAD SOL'AID","departement":"LOIRE ATLANTIQUE"}},{"type":"Feature","geometry":{"type":"Point","coordinates":[5.556210351909591,45.41625807717302]},"properties":{"finess":"380025510","nom":"AGE ET VIE","departement":"ISERE"}},{"type":"Feature","geometry":{"type":"Point","coordinates":[4.390195679313983,45.44143801411894]},"properties":{"finess":"420017022","nom":"SAD ARCADIE","departement":"LOIRE"}},{"type":"Feature","geometry":{"type":"Point","coordinates":[1.986544334830429,48.82148903609684]},"properties":{"finess":"780806295","nom":"SAAD CCAS DES CLAYES SOUS BOIS","departement":"YVELINES"}},{"type":"Feature","geometry":{"type":"Point","coordinates":[4.794548566256643,45.69553226650753]},"properties":{"finess":"690049523","nom":"SAAD TOUT A DOM SERVICES","departement":"RHONE"}},{"type":"Feature","geometry":{"type":"Point","coordinates":[-1.905738354571369,46.74786059522736]},"properties":{"finess":"850030867","nom":"SAAD RESIDENCE DU LIGNERON","departement":"VENDEE"}},{"type":"Feature","geometry":{"type":"Point","coordinates":[-61.6315584663257,15.98324029619192]},"properties":{"finess":"970114377","nom":"SARL L'AMETHYSTE","departement":"GUADELOUPE"}},{"type":"Feature","geometry":{"type":"Point","coordinates":[6.855640469651717,47.64204489923058]},"properties":{"finess":"900003369","nom":"ASSOC AIDE FAMILIALE POPULAIRE","departement":"TERRITOIRE DE BELFORT"}},{"type":"Feature","geometry":{"type":"Point","coordinates":[2.30098490882078,48.78485780132235]},"properties":{"finess":"920800364","nom":"SAD AIDE MERES FAMILLES IDF SUD OUEST","departement":"HAUTS DE SEINE"}},{"type":"Feature","geometry":{"type":"Point","coordinates":[2.29567448300181,48.81517424131449]},"properties":{"finess":"920042611","nom":"SAA CAP SERVICES SITE MALAKOFF","departement":"HAUTS DE SEINE"}},{"type":"Feature","geometry":{"type":"Point","coordinates":[3.485121645094533,50.3915751379764]},"properties":{"finess":"590054508","nom":"SAD ASSO CARA","departement":"NORD"}},{"type":"Feature","geometry":{"type":"Point","coordinates":[4.874669603212383,45.88141366362535]},"properties":{"finess":"690047865","nom":"SAAD LES DAMES DE COEUR","departement":"RHONE"}},{"type":"Feature","geometry":{"type":"Point","coordinates":[3.087633699446241,50.37403359723811]},"properties":{"finess":"590054839","nom":"SAD ASPHA SERVICES","departement":"NORD"}},{"type":"Feature","geometry":{"type":"Point","coordinates":[5.38349348282481,43.28391557515646]},"properties":{"finess":"130052541","nom":"SAAD AMFD","departement":"BOUCHES DU RHONE"}},{"type":"Feature","geometry":{"type":"Point","coordinates":[-0.507473834373608,44.95939959230924]},"properties":{"finess":"330066796","nom":"SAA AAS","departement":"GIRONDE"}},{"type":"Feature","geometry":{"type":"Point","coordinates":[2.662298057241369,50.48083429112612]},"properties":{"finess":"620107946","nom":"CCAS NOEUX LES MINES","departement":"PAS DE CALAIS"}},{"type":"Feature","geometry":{"type":"Point","coordinates":[-0.424847421878796,48.56070991441307]},"properties":{"finess":"610008716","nom":"RESID'ORNE \"LES JARDINS DE DIANE\"","departement":"ORNE"}},{"type":"Feature","geometry":{"type":"Point","coordinates":[0.204500424385138,48.00291366906814]},"properties":{"finess":"720021740","nom":"SAAD TOUT A DOM SERVICES","departement":"SARTHE"}},{"type":"Feature","geometry":{"type":"Point","coordinates":[2.036867427095292,49.0498282513726]},"properties":{"finess":"950045765","nom":"SAD FAMILLES SERVICES","departement":"VAL D OISE"}},{"type":"Feature","geometry":{"type":"Point","coordinates":[2.375362579832772,48.89207815604524]},"properties":{"finess":"750064206","nom":"SAAD ATOUT AGE","departement":"PARIS"}},{"type":"Feature","geometry":{"type":"Point","coordinates":[-1.216763344233965,46.16083597872209]},"properties":{"finess":"170023675","nom":"SAAD O2 LA ROCHELLE","departement":"CHARENTE MARITIME"}},{"type":"Feature","geometry":{"type":"Point","coordinates":[-1.555039545590503,47.20558958720177]},"properties":{"finess":"440058196","nom":"SAA HUMANE","departement":"LOIRE ATLANTIQUE"}},{"type":"Feature","geometry":{"type":"Point","coordinates":[-0.5691164429248436,48.74755870288317]},"properties":{"finess":"610784738","nom":"SAD FLERS ASS UNA BOCAGE ORNAIS","departement":"ORNE"}},{"type":"Feature","geometry":{"type":"Point","coordinates":[1.831830530847454,50.10041609955667]},"properties":{"finess":"800018897","nom":"PROXIDOM SERVICES","departement":"SOMME"}},{"type":"Feature","geometry":{"type":"Point","coordinates":[5.861927008176808,43.44785386096754]},"properties":{"finess":"830024386","nom":"SAAD PROXIDOM DOMALLIANCE SERVICES","departement":"VAR"}},{"type":"Feature","geometry":{"type":"Point","coordinates":[6.141830175399436,49.07131576894658]},"properties":{"finess":"570026393","nom":"SAD SERVICE AUTONOMIE MOSELLE","departement":"MOSELLE"}},{"type":"Feature","geometry":{"type":"Point","coordinates":[5.395496444606651,43.28437911019618]},"properties":{"finess":"130050016","nom":"SAAD O2 MARSEILLE SUD","departement":"BOUCHES DU RHONE"}},{"type":"Feature","geometry":{"type":"Point","coordinates":[4.838680572585998,45.74719993061358]},"properties":{"finess":"690046859","nom":"SAAD AGESTIME","departement":"RHONE"}},{"type":"Feature","geometry":{"type":"Point","coordinates":[-1.687650538889582,48.12710584173615]},"properties":{"finess":"350052536","nom":"SAAD O2 RENNES","departement":"ILLE ET VILAINE"}},{"type":"Feature","geometry":{"type":"Point","coordinates":[4.92872095262422,44.91981635066941]},"properties":{"finess":"260020458","nom":"OMEIS","departement":"DROME"}},{"type":"Feature","geometry":{"type":"Point","coordinates":[1.499239596486284,43.5961197013302]},"properties":{"finess":"310030317","nom":"SAD SAPAH SERVICES","departement":"HAUTE GARONNE"}},{"type":"Feature","geometry":{"type":"Point","coordinates":[7.050397087237423,43.61714058609677]},"properties":{"finess":"060029311","nom":"SAAD F&D SERVICES VALBONNE","departement":"ALPES MARITIMES"}},{"type":"Feature","geometry":{"type":"Point","coordinates":[7.151126472892146,43.66250578038883]},"properties":{"finess":"060026580","nom":"SAAD EASY RIVIERA SERVICES","departement":"ALPES MARITIMES"}},{"type":"Feature","geometry":{"type":"Point","coordinates":[2.262223885895892,48.7924037978655]},"properties":{"finess":"920034451","nom":"SAD TOUT A DOM SERVICES","departement":"HAUTS DE SEINE"}},{"type":"Feature","geometry":{"type":"Point","coordinates":[-2.390231668003738,47.28728373247282]},"properties":{"finess":"440060432","nom":"SAAD GENERALE DES SERVICES","departement":"LOIRE ATLANTIQUE"}},{"type":"Feature","geometry":{"type":"Point","coordinates":[-1.534504460387883,46.50513368126582]},"properties":{"finess":"850028325","nom":"SAAD RESIDENCE LE COTEAU DU LAC","departement":"VENDEE"}},{"type":"Feature","geometry":{"type":"Point","coordinates":[5.807233995114292,49.54026962671895]},"properties":{"finess":"540021771","nom":"SAAD ADAPAH NORD 54","departement":"MEURTHE ET MOSELLE"}},{"type":"Feature","geometry":{"type":"Point","coordinates":[-0.1296676218632925,48.18315715709587]},"properties":{"finess":"720022391","nom":"SAAD O2 LA VIE EN BLEU","departement":"SARTHE"}},{"type":"Feature","geometry":{"type":"Point","coordinates":[0.1831949351290778,49.28505313664838]},"properties":{"finess":"140006818","nom":"SAD CCAS DE PONT-L'EVEQUE","departement":"CALVADOS"}},{"type":"Feature","geometry":{"type":"Point","coordinates":[2.954016189431183,50.42127141943567]},"properties":{"finess":"620037515","nom":"ADHAP HÉNIN-BEAUMONT - CAP DOMICILE","departement":"PAS DE CALAIS"}},{"type":"Feature","geometry":{"type":"Point","coordinates":[2.836543507741079,50.43276294103943]},"properties":{"finess":"620029868","nom":"ADHAP LENS - CAP DOMICILE","departement":"PAS DE CALAIS"}},{"type":"Feature","geometry":{"type":"Point","coordinates":[2.762325319083756,50.30444613618906]},"properties":{"finess":"620037523","nom":"ADHAP SAINTE-CATHERINE - CAP DOMICILE","departement":"PAS DE CALAIS"}},{"type":"Feature","geometry":{"type":"Point","coordinates":[2.64356698492599,50.52274404183262]},"properties":{"finess":"620030395","nom":"CAP DOMICILE 2 - ADHAP SERVICES","departement":"PAS DE CALAIS"}},{"type":"Feature","geometry":{"type":"Point","coordinates":[-4.315328816396153,48.57280893412754]},"properties":{"finess":"290037399","nom":"SAAD AD NORD FINISTERE","departement":"FINISTERE"}},{"type":"Feature","geometry":{"type":"Point","coordinates":[5.428679486240139,49.07239999301167]},"properties":{"finess":"550007751","nom":"SAAD MAISON AGES & VIE","departement":"MEUSE"}},{"type":"Feature","geometry":{"type":"Point","coordinates":[2.306492574630662,48.97013377399937]},"properties":{"finess":"950033795","nom":"SAA  A.M.A.D","departement":"VAL D OISE"}},{"type":"Feature","geometry":{"type":"Point","coordinates":[2.42123645408578,42.61377689231319]},"properties":{"finess":"660011537","nom":"SAAD ADEMA","departement":"PYRENEES ORIENTALES"}},{"type":"Feature","geometry":{"type":"Point","coordinates":[5.721364388964221,45.18758402045895]},"properties":{"finess":"380026021","nom":"AGE ET PERSPECTIVES","departement":"ISERE"}},{"type":"Feature","geometry":{"type":"Point","coordinates":[3.158849906131443,50.7456397685716]},"properties":{"finess":"590051991","nom":"SAD PROXI VIE","departement":"NORD"}},{"type":"Feature","geometry":{"type":"Point","coordinates":[5.723421398892923,45.17999918730862]},"properties":{"finess":"380019521","nom":"ONELA GRENOBLE","departement":"ISERE"}},{"type":"Feature","geometry":{"type":"Point","coordinates":[4.865758377249813,45.51321276899381]},"properties":{"finess":"380019778","nom":"SAA BIEN A LA MAISON VIENNE - ONELA","departement":"ISERE"}},{"type":"Feature","geometry":{"type":"Point","coordinates":[4.362306364699303,43.83071592734848]},"properties":{"finess":"300020419","nom":"SAAD BIEN A LA MAISON","departement":"GARD"}},{"type":"Feature","geometry":{"type":"Point","coordinates":[-0.2447910321761498,44.94550419672377]},"properties":{"finess":"330062753","nom":"SAAD BIEN A LA MAISON ONELA LIBOURNE","departement":"GIRONDE"}},{"type":"Feature","geometry":{"type":"Point","coordinates":[-1.09636079549196,44.74089339505518]},"properties":{"finess":"330062746","nom":"SAAD BIEN A LA MAISON ANDERNOS","departement":"GIRONDE"}},{"type":"Feature","geometry":{"type":"Point","coordinates":[1.91900846640657,47.90085599367437]},"properties":{"finess":"450020441","nom":"SAAD ONELA ORLEANS (BIEN A LA MAISON)","departement":"LOIRET"}},{"type":"Feature","geometry":{"type":"Point","coordinates":[2.123377514104288,48.79985309724623]},"properties":{"finess":"780022984","nom":"SAAD BIEN A LA MAISON ONELA VERSAILLES","departement":"YVELINES"}},{"type":"Feature","geometry":{"type":"Point","coordinates":[4.62141284145246,44.165042312213]},"properties":{"finess":"300022431","nom":"SAD ONELA BIEN A LA MAISON","departement":"GARD"}},{"type":"Feature","geometry":{"type":"Point","coordinates":[2.29181900274477,48.91023995624694]},"properties":{"finess":"920022753","nom":"SAD AGABC","departement":"HAUTS DE SEINE"}},{"type":"Feature","geometry":{"type":"Point","coordinates":[2.042065412887905,48.92985687724151]},"properties":{"finess":"780027421","nom":"SAAD AGABC","departement":"YVELINES"}},{"type":"Feature","geometry":{"type":"Point","coordinates":[0.07870323380638067,48.42708104956121]},"properties":{"finess":"610005456","nom":"SAD ALENCON ASS ADMR ORNAISE","departement":"ORNE"}},{"type":"Feature","geometry":{"type":"Point","coordinates":[-1.085097836762623,49.10236504496929]},"properties":{"finess":"500019500","nom":"FEDERATION DEPARTEMENTALE DES ADMR","departement":"MANCHE"}},{"type":"Feature","geometry":{"type":"Point","coordinates":[3.239823344604321,50.18107589811516]},"properties":{"finess":"590036364","nom":"SAD DE L'ARIL","departement":"NORD"}},{"type":"Feature","geometry":{"type":"Point","coordinates":[3.521871051695326,50.35895715483949]},"properties":{"finess":"590029229","nom":"SAD L'UCIE SERVICES","departement":"NORD"}},{"type":"Feature","geometry":{"type":"Point","coordinates":[-1.772913614728215,48.14734226771406]},"properties":{"finess":"350054961","nom":"SAAD SAP 1 ESSENTIEL ET DOMICILE","departement":"ILLE ET VILAINE"}},{"type":"Feature","geometry":{"type":"Point","coordinates":[0.08486012997305192,48.43306079978323]},"properties":{"finess":"610007783","nom":"SAD ALENCON SARL 3A DOM","departement":"ORNE"}},{"type":"Feature","geometry":{"type":"Point","coordinates":[2.400322282010662,48.97166836713136]},"properties":{"finess":"950034934","nom":"SAD CCAS GARGES LES GONESSE","departement":"VAL D OISE"}},{"type":"Feature","geometry":{"type":"Point","coordinates":[5.064686857766367,45.6300864353241]},"properties":{"finess":"380022939","nom":"KALISERVICES","departement":"ISERE"}},{"type":"Feature","geometry":{"type":"Point","coordinates":[7.23428460276633,43.70384437816948]},"properties":{"finess":"060028388","nom":"SAAD ASPA","departement":"ALPES MARITIMES"}},{"type":"Feature","geometry":{"type":"Point","coordinates":[5.942857074481624,43.11890388781767]},"properties":{"finess":"830021820","nom":"SAAD ASPA","departement":"VAR"}},{"type":"Feature","geometry":{"type":"Point","coordinates":[-0.8927496008186439,45.94509780170667]},"properties":{"finess":"170020515","nom":"SAAD CCAS DE TONNAY-CHARENTE","departement":"CHARENTE MARITIME"}},{"type":"Feature","geometry":{"type":"Point","coordinates":[4.99447621828167,45.77839943245575]},"properties":{"finess":"690054572","nom":"SAAD VDT SERVICES","departement":"RHONE"}},{"type":"Feature","geometry":{"type":"Point","coordinates":[3.162703671247012,50.72082816118856]},"properties":{"finess":"590053377","nom":"SAD \"DOMIDOM\"","departement":"NORD"}},{"type":"Feature","geometry":{"type":"Point","coordinates":[5.598769466154688,43.28914590278114]},"properties":{"finess":"130049919","nom":"SAAD O2 AUBAGNE","departement":"BOUCHES DU RHONE"}},{"type":"Feature","geometry":{"type":"Point","coordinates":[-52.45634562112458,4.945339053078713]},"properties":{"finess":"970306874","nom":"SAAD SAS NOULA","departement":"GUYANE"}},{"type":"Feature","geometry":{"type":"Point","coordinates":[5.403105217065847,43.29840639203301]},"properties":{"finess":"130049729","nom":"SAAD LE FIL DES ANS","departement":"BOUCHES DU RHONE"}},{"type":"Feature","geometry":{"type":"Point","coordinates":[6.791981976819415,43.43577022224861]},"properties":{"finess":"830022778","nom":"SAAD AZAE FREJUS","departement":"VAR"}},{"type":"Feature","geometry":{"type":"Point","coordinates":[1.902008928813628,47.90607876602322]},"properties":{"finess":"450022595","nom":"SAAD O2 ORLEANS","departement":"LOIRET"}},{"type":"Feature","geometry":{"type":"Point","coordinates":[3.224127892404004,43.34322180248653]},"properties":{"finess":"340024678","nom":"SAAD AASD","departement":"HERAULT"}},{"type":"Feature","geometry":{"type":"Point","coordinates":[3.160082575539714,43.61606797541651]},"properties":{"finess":"340025469","nom":"SAAD AASD","departement":"HERAULT"}},{"type":"Feature","geometry":{"type":"Point","coordinates":[3.473846838723602,43.3123929793941]},"properties":{"finess":"340027945","nom":"SAAD AASD","departement":"HERAULT"}},{"type":"Feature","geometry":{"type":"Point","coordinates":[3.318956681478439,43.73227822706939]},"properties":{"finess":"340029776","nom":"SAAD AASD","departement":"HERAULT"}},{"type":"Feature","geometry":{"type":"Point","coordinates":[2.27545039135284,48.99162142927533]},"properties":{"finess":"950034751","nom":"SAD TOUT A DOM","departement":"VAL D OISE"}},{"type":"Feature","geometry":{"type":"Point","coordinates":[-0.2550024193164255,45.2459791794304]},"properties":{"finess":"170020499","nom":"SAAD CCAS DE MONTLIEU-LA-GARDE","departement":"CHARENTE MARITIME"}},{"type":"Feature","geometry":{"type":"Point","coordinates":[5.873292636209623,43.10964993559606]},"properties":{"finess":"830023610","nom":"SAAD LOGIS DELTA SUD","departement":"VAR"}},{"type":"Feature","geometry":{"type":"Point","coordinates":[5.377056571229151,43.28743313950294]},"properties":{"finess":"130040330","nom":"SAAD SERVICE D'AIDE À DOMICILE ACAD","departement":"BOUCHES DU RHONE"}},{"type":"Feature","geometry":{"type":"Point","coordinates":[6.465597956823303,43.53615203202137]},"properties":{"finess":"830022711","nom":"SAAD SENDRA","departement":"VAR"}},{"type":"Feature","geometry":{"type":"Point","coordinates":[2.298709922710341,49.04300721430462]},"properties":{"finess":"950034678","nom":"SAD DES 3FORETS","departement":"VAL D OISE"}},{"type":"Feature","geometry":{"type":"Point","coordinates":[2.284896872883406,48.96540900836604]},"properties":{"finess":"950044370","nom":"SAD DES 3FORETS","departement":"VAL D OISE"}},{"type":"Feature","geometry":{"type":"Point","coordinates":[2.374426636203308,49.02241198004864]},"properties":{"finess":"950047167","nom":"SAD DES 3FORETS","departement":"VAL D OISE"}},{"type":"Feature","geometry":{"type":"Point","coordinates":[2.086138429922855,49.03076559480492]},"properties":{"finess":"950048777","nom":"SAD DES 3FORETS","departement":"VAL D OISE"}},{"type":"Feature","geometry":{"type":"Point","coordinates":[1.345844870007699,43.53595141743964]},"properties":{"finess":"310787031","nom":"SAD CCAS DE CUGNAUX","departement":"HAUTE GARONNE"}},{"type":"Feature","geometry":{"type":"Point","coordinates":[3.070539620740018,50.63528502650286]},"properties":{"finess":"590053302","nom":"SAD SOLUTIA LILLE","departement":"NORD"}},{"type":"Feature","geometry":{"type":"Point","coordinates":[4.227316386775311,45.74258843534901]},"properties":{"finess":"420017006","nom":"SAAD PLEIADES FEURS","departement":"LOIRE"}},{"type":"Feature","geometry":{"type":"Point","coordinates":[4.644467442980726,43.80740514608055]},"properties":{"finess":"300785896","nom":"SAAD CCAS BEAUCAIRE","departement":"GARD"}},{"type":"Feature","geometry":{"type":"Point","coordinates":[-1.944253908991681,47.35894800193365]},"properties":{"finess":"440024768","nom":"SAAD CCAS SAVENAY","departement":"LOIRE ATLANTIQUE"}},{"type":"Feature","geometry":{"type":"Point","coordinates":[-1.617958135414721,47.25308066929865]},"properties":{"finess":"440057107","nom":"SAAD TITI SERVICES","departement":"LOIRE ATLANTIQUE"}},{"type":"Feature","geometry":{"type":"Point","coordinates":[7.744330580317476,48.93573241884007]},"properties":{"finess":"670019587","nom":"SAAD DOMI-CONFORT-SERVICES","departement":"BAS RHIN"}},{"type":"Feature","geometry":{"type":"Point","coordinates":[4.345547500969077,43.83797302473902]},"properties":{"finess":"300018678","nom":"SAAD A'NIM SERVICES APEF","departement":"GARD"}},{"type":"Feature","geometry":{"type":"Point","coordinates":[2.285021337846307,48.8391622703147]},"properties":{"finess":"750068231","nom":"SAA APEF MONCEAU","departement":"PARIS"}},{"type":"Feature","geometry":{"type":"Point","coordinates":[2.325204801399723,48.8269717677999]},"properties":{"finess":"750068272","nom":"SAAD APEF PARIS ALESIA","departement":"PARIS"}},{"type":"Feature","geometry":{"type":"Point","coordinates":[0.1925131147142676,47.99974839552078]},"properties":{"finess":"720021435","nom":"SAA APEF SERVICES","departement":"SARTHE"}},{"type":"Feature","geometry":{"type":"Point","coordinates":[0.02709850101239187,47.88910994438952]},"properties":{"finess":"720021443","nom":"SAAD APEF SERVICES LA SUZE","departement":"SARTHE"}},{"type":"Feature","geometry":{"type":"Point","coordinates":[5.717538571214978,45.18060117084374]},"properties":{"finess":"380025478","nom":"SAA APEF - TIVOLI SERVICES","departement":"ISERE"}},{"type":"Feature","geometry":{"type":"Point","coordinates":[5.038815806725004,43.83842577366976]},"properties":{"finess":"840021653","nom":"SAAD APEF CAVAILLON","departement":"VAUCLUSE"}},{"type":"Feature","geometry":{"type":"Point","coordinates":[4.733365510069138,45.74740878158786]},"properties":{"finess":"690047360","nom":"SAAD BIENVEILLANCE SERVICES","departement":"RHONE"}},{"type":"Feature","geometry":{"type":"Point","coordinates":[4.800636900355435,45.3625334157148]},"properties":{"finess":"380023283","nom":"SAAD ADHEO SERVICES VIENNE","departement":"ISERE"}},{"type":"Feature","geometry":{"type":"Point","coordinates":[4.847827112553206,45.74613617502346]},"properties":{"finess":"690046677","nom":"SAAD ADHEO SERVICES VILLEURBANNE","departement":"RHONE"}},{"type":"Feature","geometry":{"type":"Point","coordinates":[-0.336177335953028,49.20296302009038]},"properties":{"finess":"140031923","nom":"SAD SOUS MON TOIT ADHEO SERVICES CAEN","departement":"CALVADOS"}},{"type":"Feature","geometry":{"type":"Point","coordinates":[-52.31447300146882,4.935459093640258]},"properties":{"finess":"970304879","nom":"SAAD EBENE","departement":"GUYANE"}},{"type":"Feature","geometry":{"type":"Point","coordinates":[5.778593055038236,44.04576081137574]},"properties":{"finess":"040006017","nom":"SAAD CCAS DE SAINT-ETIENNE-LES-ORGUES","departement":"ALPES DE HAUTE PROVENCE"}},{"type":"Feature","geometry":{"type":"Point","coordinates":[-3.482207076486262,47.78944345095433]},"properties":{"finess":"560029498","nom":"SAAD ESPACE ET VIE G2L GUIDEL","departement":"MORBIHAN"}},{"type":"Feature","geometry":{"type":"Point","coordinates":[7.118966774389667,43.57814961137253]},"properties":{"finess":"060028099","nom":"SAAD 02 ANTIBES","departement":"ALPES MARITIMES"}},{"type":"Feature","geometry":{"type":"Point","coordinates":[6.740897115802943,43.43355096429777]},"properties":{"finess":"830023156","nom":"SAAD CCAS FREJUS","departement":"VAR"}},{"type":"Feature","geometry":{"type":"Point","coordinates":[-0.4577728000541125,49.33346517576891]},"properties":{"finess":"140022799","nom":"SAD COMMUNE DE COURSEULLES-SUR-MER","departement":"CALVADOS"}},{"type":"Feature","geometry":{"type":"Point","coordinates":[2.767681713030355,50.29197162252648]},"properties":{"finess":"620030296","nom":"SAAD DESTIA ARRAS","departement":"PAS DE CALAIS"}},{"type":"Feature","geometry":{"type":"Point","coordinates":[5.276614642433826,45.56418508603434]},"properties":{"finess":"380020271","nom":"SAD AGE D'OR SERVICES","departement":"ISERE"}},{"type":"Feature","geometry":{"type":"Point","coordinates":[-1.681256489375221,48.12006127969186]},"properties":{"finess":"350052999","nom":"SAAD ALLO DOMICILE DOMALIANCE","departement":"ILLE ET VILAINE"}},{"type":"Feature","geometry":{"type":"Point","coordinates":[6.741289471339124,43.42746241630037]},"properties":{"finess":"830022059","nom":"SAAD VIVRADOM","departement":"VAR"}},{"type":"Feature","geometry":{"type":"Point","coordinates":[-0.2054175896197759,45.12857788427893]},"properties":{"finess":"170020481","nom":"SAAD CCAS DE CERCOUX","departement":"CHARENTE MARITIME"}},{"type":"Feature","geometry":{"type":"Point","coordinates":[6.137223728207075,49.11347991694603]},"properties":{"finess":"570026351","nom":"SAAD JUNIOR SENIOR - HOME PRESENCE","departement":"MOSELLE"}},{"type":"Feature","geometry":{"type":"Point","coordinates":[-3.379867124762926,47.73249224474853]},"properties":{"finess":"560030769","nom":"SAAD A2MICILE - DOMALIANCE LORIENT","departement":"MORBIHAN"}},{"type":"Feature","geometry":{"type":"Point","coordinates":[6.048982880452159,43.40986328707635]},"properties":{"finess":"830026530","nom":"SAAD A2MICILE EUROPE AZAE BRIGNOLES","departement":"VAR"}},{"type":"Feature","geometry":{"type":"Point","coordinates":[5.995993047262565,43.13608832902032]},"properties":{"finess":"830021499","nom":"SAAD A2MICILE EUROPE AZAE TOULON","departement":"VAR"}},{"type":"Feature","geometry":{"type":"Point","coordinates":[2.332393579524899,48.8296859590628]},"properties":{"finess":"750064081","nom":"SAA AUXI LIFE 75","departement":"PARIS"}},{"type":"Feature","geometry":{"type":"Point","coordinates":[6.956229673871683,43.55338428588672]},"properties":{"finess":"060028131","nom":"SAAD 02 CANNES","departement":"ALPES MARITIMES"}},{"type":"Feature","geometry":{"type":"Point","coordinates":[7.148664763686137,43.66119686284893]},"properties":{"finess":"060028115","nom":"SAAD 02 CAGNES SUR MER","departement":"ALPES MARITIMES"}},{"type":"Feature","geometry":{"type":"Point","coordinates":[6.476902076112262,46.37163579152977]},"properties":{"finess":"740008693","nom":"SAAD FAMILLES SERVICES","departement":"HAUTE SAVOIE"}},{"type":"Feature","geometry":{"type":"Point","coordinates":[6.06449008399066,49.33037084467655]},"properties":{"finess":"570026161","nom":"SAAD ASP-PRO 57","departement":"MOSELLE"}},{"type":"Feature","geometry":{"type":"Point","coordinates":[-3.3830925888163,47.7054822123822]},"properties":{"finess":"560027682","nom":"SAAD ESPRIT DE FAMILLE LARMOR PLAGE","departement":"MORBIHAN"}},{"type":"Feature","geometry":{"type":"Point","coordinates":[-3.362143162019278,47.74785798835838]},"properties":{"finess":"560030363","nom":"SAAD ESPRIT DE FAMILLE LORIENT","departement":"MORBIHAN"}},{"type":"Feature","geometry":{"type":"Point","coordinates":[-3.428630995828377,47.73591544929571]},"properties":{"finess":"560030371","nom":"SAAD ESPRIT DE FAMILLE PLOEMEUR","departement":"MORBIHAN"}},{"type":"Feature","geometry":{"type":"Point","coordinates":[-1.658670463756732,43.38825624353626]},"properties":{"finess":"640020335","nom":"SAA SESAME SERVICES A LA PERSONNE","departement":"PYRENEES ATLANTIQUES"}},{"type":"Feature","geometry":{"type":"Point","coordinates":[2.930841430536002,50.529017918303]},"properties":{"finess":"590070850","nom":"SOCIÉTÉ FAMILY'DOM","departement":"NORD"}},{"type":"Feature","geometry":{"type":"Point","coordinates":[-1.139814663349952,45.7712684054634]},"properties":{"finess":"170020473","nom":"SAAD CCAS DE LA TREMBLADE","departement":"CHARENTE MARITIME"}},{"type":"Feature","geometry":{"type":"Point","coordinates":[2.344135683040239,48.83036070367791]},"properties":{"finess":"750041717","nom":"RESTER CHEZ SOI","departement":"PARIS"}},{"type":"Feature","geometry":{"type":"Point","coordinates":[4.0364360172947,49.92832956596551]},"properties":{"finess":"020013025","nom":"SAAD SIAV MAURICE BRUGNON","departement":"AISNE"}},{"type":"Feature","geometry":{"type":"Point","coordinates":[6.145328673015924,48.60974217059868]},"properties":{"finess":"540027695","nom":"SAAD 02 LUDRES","departement":"MEURTHE ET MOSELLE"}},{"type":"Feature","geometry":{"type":"Point","coordinates":[6.489562007715252,48.59565760954436]},"properties":{"finess":"540024676","nom":"SAAD 02 LUNEVILLE","departement":"MEURTHE ET MOSELLE"}},{"type":"Feature","geometry":{"type":"Point","coordinates":[-0.3812547161167855,43.36993310772285]},"properties":{"finess":"640018594","nom":"SAA ASENSA","departement":"PYRENEES ATLANTIQUES"}},{"type":"Feature","geometry":{"type":"Point","coordinates":[4.082725731908017,46.03113704585988]},"properties":{"finess":"420016255","nom":"SAAD ATOUTS PRESTATIONS","departement":"LOIRE"}},{"type":"Feature","geometry":{"type":"Point","coordinates":[7.728405587195926,48.56786081879468]},"properties":{"finess":"670020528","nom":"SAAD ESPACE ANIMATION","departement":"BAS RHIN"}},{"type":"Feature","geometry":{"type":"Point","coordinates":[5.928867278948513,43.127773549358]},"properties":{"finess":"830023875","nom":"SAAD AMFD 83","departement":"VAR"}},{"type":"Feature","geometry":{"type":"Point","coordinates":[4.418115475304767,45.43471038707915]},"properties":{"finess":"420015034","nom":"O2 SAINT-ETIENNE","departement":"LOIRE"}},{"type":"Feature","geometry":{"type":"Point","coordinates":[5.202542586129367,43.75568970190925]},"properties":{"finess":"840007207","nom":"SERVICE D'AIDE MENAGERE","departement":"VAUCLUSE"}},{"type":"Feature","geometry":{"type":"Point","coordinates":[1.393940119763375,43.62544014114207]},"properties":{"finess":"310021506","nom":"SAAD LOOSAINFJN","departement":"HAUTE GARONNE"}},{"type":"Feature","geometry":{"type":"Point","coordinates":[3.521120294171168,50.35692321754698]},"properties":{"finess":"590054615","nom":"SAD SARL O2","departement":"NORD"}},{"type":"Feature","geometry":{"type":"Point","coordinates":[6.197413425077098,49.1300780129092]},"properties":{"finess":"570026096","nom":"SAD ALLIANCE AUTONOMIE - VITAME","departement":"MOSELLE"}},{"type":"Feature","geometry":{"type":"Point","coordinates":[5.280719790165988,45.58497996746888]},"properties":{"finess":"380022806","nom":"SAAD ADOMNI","departement":"ISERE"}},{"type":"Feature","geometry":{"type":"Point","coordinates":[4.873690399657191,45.53512589758129]},"properties":{"finess":"380023028","nom":"SAAD VIVRE CHEZ SOI","departement":"ISERE"}},{"type":"Feature","geometry":{"type":"Point","coordinates":[3.128649631153634,50.64879928153007]},"properties":{"finess":"590063723","nom":"SAD 02 VILLENEUVE DASCQ","departement":"NORD"}},{"type":"Feature","geometry":{"type":"Point","coordinates":[7.055681581648325,43.57571589016825]},"properties":{"finess":"060026887","nom":"SAAD A COTE DE VOUS","departement":"ALPES MARITIMES"}},{"type":"Feature","geometry":{"type":"Point","coordinates":[-2.804910408206525,47.68030612718947]},"properties":{"finess":"560029506","nom":"SAAD VIVEA BIANCA EXPLOITATION","departement":"MORBIHAN"}},{"type":"Feature","geometry":{"type":"Point","coordinates":[1.130921495355027,43.35574596969923]},"properties":{"finess":"310028139","nom":"SAAD ADOMICILE","departement":"HAUTE GARONNE"}},{"type":"Feature","geometry":{"type":"Point","coordinates":[-1.942853000925306,47.36025241328591]},"properties":{"finess":"440060408","nom":"SAA APEF SERVICES","departement":"LOIRE ATLANTIQUE"}},{"type":"Feature","geometry":{"type":"Point","coordinates":[7.249593268359019,43.69316355587734]},"properties":{"finess":"060028198","nom":"SAAD 02 NICE VILLE","departement":"ALPES MARITIMES"}},{"type":"Feature","geometry":{"type":"Point","coordinates":[-2.760769415027517,48.51367334611607]},"properties":{"finess":"220023469","nom":"SAAD ARMOR HOME SERVICES","departement":"COTES D ARMOR"}},{"type":"Feature","geometry":{"type":"Point","coordinates":[-2.268703228788191,47.25926761538877]},"properties":{"finess":"440056752","nom":"SAAD DOMIPREST SAINT NAZAIRE","departement":"LOIRE ATLANTIQUE"}},{"type":"Feature","geometry":{"type":"Point","coordinates":[-3.360007472857302,47.75830425019829]},"properties":{"finess":"560029936","nom":"SAD LES JARDINS D'ARCADIE LORIENT","departement":"MORBIHAN"}},{"type":"Feature","geometry":{"type":"Point","coordinates":[-2.764669587304151,47.65516364629861]},"properties":{"finess":"560030330","nom":"SAD LES JARDINS D'ARCADIE VANNES","departement":"MORBIHAN"}},{"type":"Feature","geometry":{"type":"Point","coordinates":[6.185808284525172,48.68692665140296]},"properties":{"finess":"540024650","nom":"SAAD LES JARDINS D'ARCADIE A NANCY","departement":"MEURTHE ET MOSELLE"}},{"type":"Feature","geometry":{"type":"Point","coordinates":[6.924083211050341,43.66285673582395]},"properties":{"finess":"060028156","nom":"SAAD 02 GRASSE","departement":"ALPES MARITIMES"}},{"type":"Feature","geometry":{"type":"Point","coordinates":[6.168708943937822,48.68916660503132]},"properties":{"finess":"540025236","nom":"SAAD O2 NANCY","departement":"MEURTHE ET MOSELLE"}},{"type":"Feature","geometry":{"type":"Point","coordinates":[5.688402914235071,45.17236680110531]},"properties":{"finess":"380020222","nom":"SAD AGE D'OR SERVICES","departement":"ISERE"}},{"type":"Feature","geometry":{"type":"Point","coordinates":[2.995222875037153,50.61131907889623]},"properties":{"finess":"590053757","nom":"SAD O2 LILLE OUEST","departement":"NORD"}},{"type":"Feature","geometry":{"type":"Point","coordinates":[4.98173704502803,43.51192883751692]},"properties":{"finess":"130049422","nom":"SAAD EMPLOIS RELAIS SERVICES ISTRES","departement":"BOUCHES DU RHONE"}},{"type":"Feature","geometry":{"type":"Point","coordinates":[6.12643494918878,43.1059547352778]},"properties":{"finess":"830021887","nom":"SAAD SERVICES EMPLOIS SOLIDARITE","departement":"VAR"}},{"type":"Feature","geometry":{"type":"Point","coordinates":[1.343509602571018,43.60984986845303]},"properties":{"finess":"310028824","nom":"SAAD AIDOLOGIS","departement":"HAUTE GARONNE"}},{"type":"Feature","geometry":{"type":"Point","coordinates":[6.164930024499186,49.36459133653963]},"properties":{"finess":"570029181","nom":"SAAD AZAE THIONVILLE","departement":"MOSELLE"}},{"type":"Feature","geometry":{"type":"Point","coordinates":[3.032023955425711,50.63368467069975]},"properties":{"finess":"590061370","nom":"AZAE LILLE CENTRE","departement":"NORD"}},{"type":"Feature","geometry":{"type":"Point","coordinates":[3.88874781622938,43.5895803274258]},"properties":{"finess":"340025865","nom":"SAAD A2MICILE MONTPELLIER SUD","departement":"HERAULT"}},{"type":"Feature","geometry":{"type":"Point","coordinates":[1.457536803523351,43.60150934151729]},"properties":{"finess":"310028063","nom":"SAAD A2MICILE TOULOUSE EST- AZAE","departement":"HAUTE GARONNE"}},{"type":"Feature","geometry":{"type":"Point","coordinates":[-1.551439464534623,47.20676734996303]},"properties":{"finess":"440053536","nom":"SAAD DOMALIANCE NANTES","departement":"LOIRE ATLANTIQUE"}},{"type":"Feature","geometry":{"type":"Point","coordinates":[5.262565799948456,45.58538822080276]},"properties":{"finess":"380023135","nom":"SAAD A2MICILE BOURGOIN-JALLIEU","departement":"ISERE"}},{"type":"Feature","geometry":{"type":"Point","coordinates":[-0.3797632786467602,43.28932086372414]},"properties":{"finess":"640020756","nom":"SAA AZAE PAU","departement":"PYRENEES ATLANTIQUES"}},{"type":"Feature","geometry":{"type":"Point","coordinates":[4.414808685384615,44.00891479938502]},"properties":{"finess":"300018694","nom":"SAAD ACCOLADE APEF","departement":"GARD"}},{"type":"Feature","geometry":{"type":"Point","coordinates":[2.267840739349374,48.82546063190426]},"properties":{"finess":"920034873","nom":"SAD APEF ISSY LES MOULINEAUX","departement":"HAUTS DE SEINE"}},{"type":"Feature","geometry":{"type":"Point","coordinates":[1.940716489176681,48.76130781476056]},"properties":{"finess":"780807459","nom":"SAAD CCAS DE MAUREPAS","departement":"YVELINES"}},{"type":"Feature","geometry":{"type":"Point","coordinates":[2.350475120957374,48.82941318517463]},"properties":{"finess":"750072431","nom":"SAAD AFIL'AIDE ADMR","departement":"PARIS"}},{"type":"Feature","geometry":{"type":"Point","coordinates":[7.183978587211374,47.81194485513558]},"properties":{"finess":"680021987","nom":"SAAD ALSACEADOM","departement":"HAUT RHIN"}},{"type":"Feature","geometry":{"type":"Point","coordinates":[0.3245963822015081,46.60134928717429]},"properties":{"finess":"860012327","nom":"SAA AMF-UNA 86","departement":"VIENNE"}},{"type":"Feature","geometry":{"type":"Point","coordinates":[5.889084384168108,45.72507029337486]},"properties":{"finess":"730013562","nom":"SAAD L'ESSENTIEL AU QUOTIDIEN","departement":"SAVOIE"}},{"type":"Feature","geometry":{"type":"Point","coordinates":[4.850730895802068,45.74725320414464]},"properties":{"finess":"690046636","nom":"SAAD CAADS","departement":"RHONE"}},{"type":"Feature","geometry":{"type":"Point","coordinates":[6.695167268839022,49.07977685069652]},"properties":{"finess":"570029223","nom":"SAD SERV'HOME","departement":"MOSELLE"}},{"type":"Feature","geometry":{"type":"Point","coordinates":[2.564407729053966,50.49059899067069]},"properties":{"finess":"620113225","nom":"UMA - ARTOIS DOM","departement":"PAS DE CALAIS"}},{"type":"Feature","geometry":{"type":"Point","coordinates":[3.245248762837595,49.63314933409087]},"properties":{"finess":"020016713","nom":"SAAD AGE D'OR SERVICES VIRY-NOUREUIL","departement":"AISNE"}},{"type":"Feature","geometry":{"type":"Point","coordinates":[1.284962849029335,43.39620455944004]},"properties":{"finess":"310028949","nom":"SAAD APMD MYOSOTIS","departement":"HAUTE GARONNE"}},{"type":"Feature","geometry":{"type":"Point","coordinates":[4.865758377249813,45.51321276899381]},"properties":{"finess":"380024661","nom":"SAAD H ET LE PRESTATIONS A DOMICILE","departement":"ISERE"}},{"type":"Feature","geometry":{"type":"Point","coordinates":[-1.133956669594976,46.16135381440188]},"properties":{"finess":"170021992","nom":"SAAD HESTIA","departement":"CHARENTE MARITIME"}},{"type":"Feature","geometry":{"type":"Point","coordinates":[4.205460007153375,43.78459263472796]},"properties":{"finess":"300018397","nom":"SAD ADMR LA VAUNAGE","departement":"GARD"}},{"type":"Feature","geometry":{"type":"Point","coordinates":[4.259292022941414,43.92473826132994]},"properties":{"finess":"300018348","nom":"SAD ADMR LA GARDONNENQUE","departement":"GARD"}},{"type":"Feature","geometry":{"type":"Point","coordinates":[3.992127171468979,43.8999696489584]},"properties":{"finess":"300018462","nom":"SAD ADMR LES RIVES DU VIDOURIE","departement":"GARD"}},{"type":"Feature","geometry":{"type":"Point","coordinates":[4.441354141832779,44.04344473156743]},"properties":{"finess":"300018355","nom":"SAD ADMR  L'UZEGE","departement":"GARD"}},{"type":"Feature","geometry":{"type":"Point","coordinates":[3.607440447894318,43.9920507363441]},"properties":{"finess":"300018447","nom":"SAD ADMR EN PAYS VIGANAIS","departement":"GARD"}},{"type":"Feature","geometry":{"type":"Point","coordinates":[4.978312935964463,45.44088470629764]},"properties":{"finess":"380025015","nom":"SAAD SARL SAINT BERNARD","departement":"ISERE"}},{"type":"Feature","geometry":{"type":"Point","coordinates":[-1.746747136319439,48.02460666802448]},"properties":{"finess":"350054599","nom":"SAAD CG SERVICES ESSENTIEL ET DOMICILE","departement":"ILLE ET VILAINE"}},{"type":"Feature","geometry":{"type":"Point","coordinates":[-1.624034235552262,48.10000389499426]},"properties":{"finess":"350053518","nom":"SAAD AU JOUR LE JOUR","departement":"ILLE ET VILAINE"}},{"type":"Feature","geometry":{"type":"Point","coordinates":[5.851840778268837,43.10484057909009]},"properties":{"finess":"830021929","nom":"SAAD SERVICES A DOMICILE 83","departement":"VAR"}},{"type":"Feature","geometry":{"type":"Point","coordinates":[5.133791789339554,48.09873124285155]},"properties":{"finess":"520005570","nom":"SAAD AZAE CHAUMONT","departement":"HAUTE MARNE"}},{"type":"Feature","geometry":{"type":"Point","coordinates":[4.947533402344504,48.63640371464707]},"properties":{"finess":"520005810","nom":"SAD AZAE SAINT DIZIER","departement":"HAUTE MARNE"}},{"type":"Feature","geometry":{"type":"Point","coordinates":[2.266811367817121,48.80499493472135]},"properties":{"finess":"920042629","nom":"A2MICILE RÉGION IDF","departement":"HAUTS DE SEINE"}},{"type":"Feature","geometry":{"type":"Point","coordinates":[2.234963232865801,48.88224940421582]},"properties":{"finess":"920042637","nom":"A2MICILE RÉGION IDF","departement":"HAUTS DE SEINE"}},{"type":"Feature","geometry":{"type":"Point","coordinates":[2.313057964550029,48.9062942445438]},"properties":{"finess":"920034501","nom":"SAAD A2MICILE AZAE HAUTS DE SEINE","departement":"HAUTS DE SEINE"}},{"type":"Feature","geometry":{"type":"Point","coordinates":[5.686260420167208,43.18073486462456]},"properties":{"finess":"830022190","nom":"SAAD HOME SERVICES 83","departement":"VAR"}},{"type":"Feature","geometry":{"type":"Point","coordinates":[5.830090067976021,43.09678322464431]},"properties":{"finess":"830024238","nom":"SAAD STE PROVENCALE AIDE AUX PERSONES","departement":"VAR"}},{"type":"Feature","geometry":{"type":"Point","coordinates":[6.127740846206552,43.11265522962231]},"properties":{"finess":"830028213","nom":"SAD DOMALIANCE HYERES","departement":"VAR"}},{"type":"Feature","geometry":{"type":"Point","coordinates":[5.850622052364994,43.10807508365847]},"properties":{"finess":"830022620","nom":"SAD DOMALIANCE LA SEYNE SUR MER","departement":"VAR"}},{"type":"Feature","geometry":{"type":"Point","coordinates":[5.801355341944816,43.19894099209919]},"properties":{"finess":"830027116","nom":"SAD DOMALIANCE LE BEAUSSET","departement":"VAR"}},{"type":"Feature","geometry":{"type":"Point","coordinates":[2.835310332758699,42.65139519596881]},"properties":{"finess":"660011651","nom":"SAAD CREA-SERVICES","departement":"PYRENEES ORIENTALES"}},{"type":"Feature","geometry":{"type":"Point","coordinates":[3.012395576787015,42.55038199680819]},"properties":{"finess":"660011750","nom":"SAAD LA VIE EN ROSE","departement":"PYRENEES ORIENTALES"}},{"type":"Feature","geometry":{"type":"Point","coordinates":[2.89155827917475,42.69382710301406]},"properties":{"finess":"660010778","nom":"SAAD ABAD","departement":"PYRENEES ORIENTALES"}},{"type":"Feature","geometry":{"type":"Point","coordinates":[2.399247410285855,47.08608440442521]},"properties":{"finess":"180010068","nom":"SERVICE PRESTATAIRE AIDE A DOMICILE O2","departement":"CHER"}},{"type":"Feature","geometry":{"type":"Point","coordinates":[-2.006338618592118,48.65083195418414]},"properties":{"finess":"350040846","nom":"SAAD CCAS SAINT MALO","departement":"ILLE ET VILAINE"}},{"type":"Feature","geometry":{"type":"Point","coordinates":[5.552268262908556,45.07063493849918]},"properties":{"finess":"380023457","nom":"SAAD NOTRE BELLE FAMILLE","departement":"ISERE"}},{"type":"Feature","geometry":{"type":"Point","coordinates":[5.875723439607529,43.10196278094777]},"properties":{"finess":"830021945","nom":"SAAD DESTIA","departement":"VAR"}},{"type":"Feature","geometry":{"type":"Point","coordinates":[-2.755942974694077,47.66315735317043]},"properties":{"finess":"560029308","nom":"SAAD ADHAP SERVICES","departement":"MORBIHAN"}},{"type":"Feature","geometry":{"type":"Point","coordinates":[-0.2251040802372648,45.30202406252704]},"properties":{"finess":"170026090","nom":"SAAD AGES ET VIE CHEVANCEAUX","departement":"CHARENTE MARITIME"}},{"type":"Feature","geometry":{"type":"Point","coordinates":[6.236190243988222,43.13565990974363]},"properties":{"finess":"830026555","nom":"SAAD DOMUSVI DOMICILE LA LONDE","departement":"VAR"}},{"type":"Feature","geometry":{"type":"Point","coordinates":[-1.596519153021362,47.20932257945252]},"properties":{"finess":"440057529","nom":"SAAD DOMUSVI DOMICILE 44","departement":"LOIRE ATLANTIQUE"}},{"type":"Feature","geometry":{"type":"Point","coordinates":[-1.683049845854421,48.11027079371396]},"properties":{"finess":"350053542","nom":"SAAD DOMUSVI DOMICILE 35","departement":"ILLE ET VILAINE"}},{"type":"Feature","geometry":{"type":"Point","coordinates":[7.760484298420592,48.56414415001478]},"properties":{"finess":"670019702","nom":"SAAD DOMUSVI DOMICILE","departement":"BAS RHIN"}},{"type":"Feature","geometry":{"type":"Point","coordinates":[-2.987331461155553,48.20336072936292]},"properties":{"finess":"220026389","nom":"MAISON AGES ET VIE GUERLEDAN","departement":"COTES D ARMOR"}},{"type":"Feature","geometry":{"type":"Point","coordinates":[-2.235492866293751,48.52311632715234]},"properties":{"finess":"220026413","nom":"MAISON AGES ET VIE PLANCOET","departement":"COTES D ARMOR"}},{"type":"Feature","geometry":{"type":"Point","coordinates":[-2.756422649048972,48.34544709065597]},"properties":{"finess":"220026405","nom":"MAISON AGES ET VIE PLOEUC L'HERMITAGE","departement":"COTES D ARMOR"}},{"type":"Feature","geometry":{"type":"Point","coordinates":[-3.447242087990235,48.7056943621946]},"properties":{"finess":"220026397","nom":"MAISON AGES ET VIE PLOUBEZRE","departement":"COTES D ARMOR"}},{"type":"Feature","geometry":{"type":"Point","coordinates":[-2.128609440726332,48.35924816494006]},"properties":{"finess":"220026421","nom":"MAISON AGES ET VIE PLUMAUDAN","departement":"COTES D ARMOR"}},{"type":"Feature","geometry":{"type":"Point","coordinates":[-2.872003739095189,48.38787733299193]},"properties":{"finess":"220025142","nom":"MAISON AGES ET VIE ST BRANDAN","departement":"COTES D ARMOR"}},{"type":"Feature","geometry":{"type":"Point","coordinates":[5.957396557566749,43.12367486097493]},"properties":{"finess":"830024089","nom":"SAD DOMUSVI DOMICILE 83","departement":"VAR"}},{"type":"Feature","geometry":{"type":"Point","coordinates":[6.221170357404863,49.10568443030286]},"properties":{"finess":"570029124","nom":"SAAD SOUS MON TOIT - DESTIA METZ","departement":"MOSELLE"}},{"type":"Feature","geometry":{"type":"Point","coordinates":[6.159549503101831,49.35532775259314]},"properties":{"finess":"570030387","nom":"SAAD SOUS MON TOIT - DESTIA THIONVILLE","departement":"MOSELLE"}},{"type":"Feature","geometry":{"type":"Point","coordinates":[-0.9246815431675313,45.67529931938192]},"properties":{"finess":"170023774","nom":"SAAD HUMADOM","departement":"CHARENTE MARITIME"}},{"type":"Feature","geometry":{"type":"Point","coordinates":[5.86781107283016,43.10572880675354]},"properties":{"finess":"830021804","nom":"SAAD NOVENA SERVICES","departement":"VAR"}},{"type":"Feature","geometry":{"type":"Point","coordinates":[5.922150108161244,43.1270855588785]},"properties":{"finess":"830023677","nom":"SAAD PROSENIORS TOULON","departement":"VAR"}},{"type":"Feature","geometry":{"type":"Point","coordinates":[6.066606474467218,43.40589836256888]},"properties":{"finess":"830024097","nom":"SAAD ADAFMI","departement":"VAR"}},{"type":"Feature","geometry":{"type":"Point","coordinates":[6.755678745133918,43.43135857259197]},"properties":{"finess":"830025649","nom":"SAAD ADAFMI","departement":"VAR"}},{"type":"Feature","geometry":{"type":"Point","coordinates":[3.422614395518954,46.14253898613799]},"properties":{"finess":"030009393","nom":"RESIDENCE DOMITYS LA FONTAINE DU ROY","departement":"ALLIER"}},{"type":"Feature","geometry":{"type":"Point","coordinates":[2.607723396946994,46.35349310594459]},"properties":{"finess":"030009401","nom":"SAAD DOMITYS LES RIVES DU CHER","departement":"ALLIER"}},{"type":"Feature","geometry":{"type":"Point","coordinates":[5.595375233997174,45.36609012289487]},"properties":{"finess":"380026161","nom":"O2 VOIRON","departement":"ISERE"}},{"type":"Feature","geometry":{"type":"Point","coordinates":[55.56270705446379,-20.89443254833804]},"properties":{"finess":"970411385","nom":"SAAD - SCOPAD","departement":"LA REUNION"}},{"type":"Feature","geometry":{"type":"Point","coordinates":[3.710792229101795,46.82033907834613]},"properties":{"finess":"580007052","nom":"SAAD AUXI'LIFE","departement":"NIEVRE"}},{"type":"Feature","geometry":{"type":"Point","coordinates":[5.727404235866207,45.17763963269055]},"properties":{"finess":"380023580","nom":"SAAD ALPES DOMICILE SERVICES","departement":"ISERE"}},{"type":"Feature","geometry":{"type":"Point","coordinates":[2.184479136919731,48.84314997317697]},"properties":{"finess":"920034782","nom":"SAD APEF GARCHES SERVICES","departement":"HAUTS DE SEINE"}},{"type":"Feature","geometry":{"type":"Point","coordinates":[2.220469879803685,48.82673155697899]},"properties":{"finess":"920035763","nom":"SAD POUR EUX - APEF","departement":"HAUTS DE SEINE"}},{"type":"Feature","geometry":{"type":"Point","coordinates":[2.373657800731491,48.84944514198455]},"properties":{"finess":"750074247","nom":"SAA PERSONEOS","departement":"PARIS"}},{"type":"Feature","geometry":{"type":"Point","coordinates":[0.2028554725368911,48.02374830809325]},"properties":{"finess":"720004399","nom":"SAAD CCAS COULAINES","departement":"SARTHE"}},{"type":"Feature","geometry":{"type":"Point","coordinates":[5.782675596132704,43.83380032369429]},"properties":{"finess":"040005993","nom":"SAAD CCAS DE MANOSQUE","departement":"ALPES DE HAUTE PROVENCE"}},{"type":"Feature","geometry":{"type":"Point","coordinates":[-1.278054185909553,47.08890530562726]},"properties":{"finess":"440012557","nom":"SAAD CCAS DE CLISSON","departement":"LOIRE ATLANTIQUE"}},{"type":"Feature","geometry":{"type":"Point","coordinates":[-1.696966033501259,48.09923279300219]},"properties":{"finess":"350054284","nom":"SAAD DOMITYS L'OREE DU BOIS","departement":"ILLE ET VILAINE"}},{"type":"Feature","geometry":{"type":"Point","coordinates":[2.095381054424396,48.89461440353577]},"properties":{"finess":"780027017","nom":"SAAD O2 SAINT GERMAIN EN LAYE","departement":"YVELINES"}},{"type":"Feature","geometry":{"type":"Point","coordinates":[2.929064603018294,42.65674717890451]},"properties":{"finess":"660011206","nom":"SAAD SERVICES A DOMICILE 5P","departement":"PYRENEES ORIENTALES"}},{"type":"Feature","geometry":{"type":"Point","coordinates":[-0.5485647656876828,44.84134716912808]},"properties":{"finess":"330062621","nom":"SAA BORDEAUX RIVE DROITE SERVICES","departement":"GIRONDE"}},{"type":"Feature","geometry":{"type":"Point","coordinates":[0.08839491254952689,48.43074485723442]},"properties":{"finess":"610007809","nom":"SAAD ADHAP SERVICES ALENCON","departement":"ORNE"}},{"type":"Feature","geometry":{"type":"Point","coordinates":[-2.436863131930952,47.96125697517669]},"properties":{"finess":"560032443","nom":"SAD AGES & VIE MORBIHAN","departement":"MORBIHAN"}},{"type":"Feature","geometry":{"type":"Point","coordinates":[4.747422154854084,44.28368510822605]},"properties":{"finess":"840021547","nom":"SAAD LE PIED A L'ETRIER","departement":"VAUCLUSE"}},{"type":"Feature","geometry":{"type":"Point","coordinates":[4.932089584805016,44.92248311465097]},"properties":{"finess":"260019963","nom":"SAD O2 VALENCE","departement":"DROME"}},{"type":"Feature","geometry":{"type":"Point","coordinates":[3.077970356761791,50.66428115166787]},"properties":{"finess":"590069076","nom":"SAAD AUX P'TITS SOINS","departement":"NORD"}},{"type":"Feature","geometry":{"type":"Point","coordinates":[-0.1186004280808024,49.28778708956276]},"properties":{"finess":"140004912","nom":"SAD CCAS DE CABOURG","departement":"CALVADOS"}},{"type":"Feature","geometry":{"type":"Point","coordinates":[1.49987937579094,43.51457616230659]},"properties":{"finess":"310033311","nom":"SAD PROMAID CASTANET TOLOSAN","departement":"HAUTE GARONNE"}},{"type":"Feature","geometry":{"type":"Point","coordinates":[1.5184224438408,43.66939444183792]},"properties":{"finess":"310033295","nom":"SAD PROMAID ROUFFIAC TOLOSAN","departement":"HAUTE GARONNE"}},{"type":"Feature","geometry":{"type":"Point","coordinates":[1.352806499444118,43.58784681394254]},"properties":{"finess":"310033303","nom":"SAD PROMAID TOURNEFEUILLE","departement":"HAUTE GARONNE"}},{"type":"Feature","geometry":{"type":"Point","coordinates":[1.72031114670701,43.39559557736326]},"properties":{"finess":"310036157","nom":"SAD PROMAID VILLEFRANCHE DE LAURAGAIS","departement":"HAUTE GARONNE"}},{"type":"Feature","geometry":{"type":"Point","coordinates":[2.557679018525846,44.29676814381847]},"properties":{"finess":"120008206","nom":"SAD PROMAID LA PRIMAUBE","departement":"AVEYRON"}},{"type":"Feature","geometry":{"type":"Point","coordinates":[1.2805316140623,43.67197692853444]},"properties":{"finess":"310028436","nom":"SAD A CHACUN SON SERVICE","departement":"HAUTE GARONNE"}},{"type":"Feature","geometry":{"type":"Point","coordinates":[-0.5291543600168375,47.47496239982475]},"properties":{"finess":"490021417","nom":"SAAD MS DOM'","departement":"MAINE ET LOIRE"}},{"type":"Feature","geometry":{"type":"Point","coordinates":[2.420708269713438,48.98925613075296]},"properties":{"finess":"950807719","nom":"SAD CCAS D ARNOUVILLE","departement":"VAL D OISE"}},{"type":"Feature","geometry":{"type":"Point","coordinates":[1.464954009711069,43.73558385808282]},"properties":{"finess":"310027974","nom":"SAAD VIVRE BIEN CHEZ SOI","departement":"HAUTE GARONNE"}},{"type":"Feature","geometry":{"type":"Point","coordinates":[5.278746421586333,45.5865676453374]},"properties":{"finess":"380026187","nom":"O2 BOURGOIN-JALLIEU","departement":"ISERE"}},{"type":"Feature","geometry":{"type":"Point","coordinates":[-0.6168211733135288,47.4829167580463]},"properties":{"finess":"490021722","nom":"SAA TITI SERVICES","departement":"MAINE ET LOIRE"}},{"type":"Feature","geometry":{"type":"Point","coordinates":[-0.2566498446209657,49.23163895933774]},"properties":{"finess":"140032996","nom":"SAD ASSOCIATION ETRE","departement":"CALVADOS"}},{"type":"Feature","geometry":{"type":"Point","coordinates":[2.356896435823208,48.81264388308153]},"properties":{"finess":"940809056","nom":"SAD CCAS KREMLIN BICETRE","departement":"VAL DE MARNE"}},{"type":"Feature","geometry":{"type":"Point","coordinates":[6.835388402272359,43.6316822666434]},"properties":{"finess":"060026820","nom":"SAAD SERVICES AUX PARTICULIERS SP06","departement":"ALPES MARITIMES"}},{"type":"Feature","geometry":{"type":"Point","coordinates":[-2.252617984157736,48.32336165131728]},"properties":{"finess":"220005094","nom":"SAAD ASAD MENE RANCE BROONS","departement":"COTES D ARMOR"}},{"type":"Feature","geometry":{"type":"Point","coordinates":[7.090000233177447,49.1197885832141]},"properties":{"finess":"570023523","nom":"SAAD AVS SERVICE","departement":"MOSELLE"}},{"type":"Feature","geometry":{"type":"Point","coordinates":[2.284220093704693,48.97022233886376]},"properties":{"finess":"950033514","nom":"SAD CCAS ST GRATIEN","departement":"VAL D OISE"}},{"type":"Feature","geometry":{"type":"Point","coordinates":[2.377668471301106,48.97882700199609]},"properties":{"finess":"950031831","nom":"SAD CCAS DE SARCELLES","departement":"VAL D OISE"}},{"type":"Feature","geometry":{"type":"Point","coordinates":[6.186292041756423,49.35841278845501]},"properties":{"finess":"570029298","nom":"SAAD VIVASERVICES THIONVILLE","departement":"MOSELLE"}},{"type":"Feature","geometry":{"type":"Point","coordinates":[2.237167579142667,48.84058717667079]},"properties":{"finess":"920036381","nom":"SAAD ATRIHOME","departement":"HAUTS DE SEINE"}},{"type":"Feature","geometry":{"type":"Point","coordinates":[3.103020288430556,50.39787933719908]},"properties":{"finess":"590053708","nom":"SAD AIRE DOMICILE","departement":"NORD"}},{"type":"Feature","geometry":{"type":"Point","coordinates":[5.762183148155327,49.52453458620734]},"properties":{"finess":"540024890","nom":"SAAD CASTEL SERVICES - DOMIDOM","departement":"MEURTHE ET MOSELLE"}},{"type":"Feature","geometry":{"type":"Point","coordinates":[2.271902648982795,48.91586986627997]},"properties":{"finess":"920033727","nom":"SAD MB HOME SERVICES APEF","departement":"HAUTS DE SEINE"}},{"type":"Feature","geometry":{"type":"Point","coordinates":[5.984075383624924,43.13792933597998]},"properties":{"finess":"830022109","nom":"SAAD CCAS DE LA VALETTE DU VAR","departement":"VAR"}},{"type":"Feature","geometry":{"type":"Point","coordinates":[-0.9902411999224721,45.63265401257903]},"properties":{"finess":"170024574","nom":"SAAD DOMICILE SERVICES","departement":"CHARENTE MARITIME"}},{"type":"Feature","geometry":{"type":"Point","coordinates":[0.193245062728524,48.00300128694289]},"properties":{"finess":"720022953","nom":"SAAD LA VISITATION","departement":"SARTHE"}},{"type":"Feature","geometry":{"type":"Point","coordinates":[3.26965160127927,49.83738140557634]},"properties":{"finess":"020017869","nom":"SAAD AXEO SERVICES SAINT-QUENTIN","departement":"AISNE"}},{"type":"Feature","geometry":{"type":"Point","coordinates":[4.829399392161629,46.30772284905702]},"properties":{"finess":"710016965","nom":"DESTIA MÂCON","departement":"SAONE ET LOIRE"}},{"type":"Feature","geometry":{"type":"Point","coordinates":[4.851026800347583,46.78264831792303]},"properties":{"finess":"710017187","nom":"DESTIA CHALON SUR SAONE","departement":"SAONE ET LOIRE"}},{"type":"Feature","geometry":{"type":"Point","coordinates":[7.009259179548219,43.57998961217808]},"properties":{"finess":"060031887","nom":"SOUS MON TOIT LE CANNET","departement":"ALPES MARITIMES"}},{"type":"Feature","geometry":{"type":"Point","coordinates":[6.970153155721874,43.6214120297165]},"properties":{"finess":"060028479","nom":"SAAD SOUS MON TOIT GRASSE","departement":"ALPES MARITIMES"}},{"type":"Feature","geometry":{"type":"Point","coordinates":[5.718506942491757,45.18976097546857]},"properties":{"finess":"380023440","nom":"SAAD DOMIDOM SERVICES","departement":"ISERE"}},{"type":"Feature","geometry":{"type":"Point","coordinates":[3.086618420621337,45.76812563688772]},"properties":{"finess":"630014587","nom":"APAD 63","departement":"PUY DE DOME"}},{"type":"Feature","geometry":{"type":"Point","coordinates":[6.061460466165661,43.40760877173443]},"properties":{"finess":"830025656","nom":"SAAD VAREF BRIGNOLES","departement":"VAR"}},{"type":"Feature","geometry":{"type":"Point","coordinates":[5.711598281266852,43.18049053688524]},"properties":{"finess":"830025664","nom":"SAAD VAREF SAINT CYR","departement":"VAR"}},{"type":"Feature","geometry":{"type":"Point","coordinates":[5.845872131182627,43.11716482708963]},"properties":{"finess":"830023040","nom":"SAAD VAREF SIX FOURS LES PLAGES","departement":"VAR"}},{"type":"Feature","geometry":{"type":"Point","coordinates":[5.971930451480658,43.12171513081888]},"properties":{"finess":"830021515","nom":"SAAD VAREF TOULON","departement":"VAR"}},{"type":"Feature","geometry":{"type":"Point","coordinates":[-1.648336764038236,48.10118695262847]},"properties":{"finess":"350053914","nom":"SAAD OZEA","departement":"ILLE ET VILAINE"}},{"type":"Feature","geometry":{"type":"Point","coordinates":[2.074795841531595,49.43428208462515]},"properties":{"finess":"600016000","nom":"SAAD L'ARCHE","departement":"OISE"}},{"type":"Feature","geometry":{"type":"Point","coordinates":[-1.686941594090474,48.10816707194621]},"properties":{"finess":"350054417","nom":"SAAD ADHEO SERVICES - DESTIA","departement":"ILLE ET VILAINE"}},{"type":"Feature","geometry":{"type":"Point","coordinates":[-0.3592157293090403,49.16069793671058]},"properties":{"finess":"140031949","nom":"SAD LE LOUP BLANC","departement":"CALVADOS"}},{"type":"Feature","geometry":{"type":"Point","coordinates":[4.440933397756472,43.8678562965059]},"properties":{"finess":"300018595","nom":"SAAD 30 AIDES","departement":"GARD"}},{"type":"Feature","geometry":{"type":"Point","coordinates":[7.271454888463083,43.69597806456818]},"properties":{"finess":"060027570","nom":"SAAD ADOMI SERVICES","departement":"ALPES MARITIMES"}},{"type":"Feature","geometry":{"type":"Point","coordinates":[5.969569808942079,43.12960458980346]},"properties":{"finess":"830024055","nom":"SAAD 02 TOULON","departement":"VAR"}},{"type":"Feature","geometry":{"type":"Point","coordinates":[6.765814882687675,43.42816214126999]},"properties":{"finess":"830021648","nom":"SAAD FREE DOM","departement":"VAR"}},{"type":"Feature","geometry":{"type":"Point","coordinates":[6.113690723627651,45.9059954426623]},"properties":{"finess":"740016787","nom":"CAP'HANDI SERVICES","departement":"HAUTE SAVOIE"}},{"type":"Feature","geometry":{"type":"Point","coordinates":[2.197313659949284,48.89462965452779]},"properties":{"finess":"920006814","nom":"SAD APF FRANCE HANDICAP","departement":"HAUTS DE SEINE"}},{"type":"Feature","geometry":{"type":"Point","coordinates":[6.140326533364913,48.70560205981112]},"properties":{"finess":"540025418","nom":"SAAD APEF SERVICES MAXEVILLE","departement":"MEURTHE ET MOSELLE"}},{"type":"Feature","geometry":{"type":"Point","coordinates":[6.179355614425813,48.68661104347324]},"properties":{"finess":"540026929","nom":"SAAD APEF SERVICES NANCY","departement":"MEURTHE ET MOSELLE"}},{"type":"Feature","geometry":{"type":"Point","coordinates":[6.181473534583088,49.32360822176048]},"properties":{"finess":"570028993","nom":"SAD AD SENIORS COEUR MOSELLAN","departement":"MOSELLE"}},{"type":"Feature","geometry":{"type":"Point","coordinates":[4.758105123125632,44.55542572462068]},"properties":{"finess":"260020771","nom":"AIDE ET MAIN TENIR A DOMICILE","departement":"DROME"}},{"type":"Feature","geometry":{"type":"Point","coordinates":[2.24380998756106,48.71276158862556]},"properties":{"finess":"910028265","nom":"DOMUSVI DOMICILE PALAISEAU","departement":"ESSONNE"}},{"type":"Feature","geometry":{"type":"Point","coordinates":[2.475468650226711,48.69974033785172]},"properties":{"finess":"910023746","nom":"DOMUSVI DOMICILE YERRES","departement":"ESSONNE"}},{"type":"Feature","geometry":{"type":"Point","coordinates":[3.400390599197644,46.117699974153]},"properties":{"finess":"030784201","nom":"SAAD ADPA","departement":"ALLIER"}},{"type":"Feature","geometry":{"type":"Point","coordinates":[-2.759230406557563,48.5156900286141]},"properties":{"finess":"220023709","nom":"SAAD ADHAP SERVICES","departement":"COTES D ARMOR"}},{"type":"Feature","geometry":{"type":"Point","coordinates":[2.28684240996901,48.79140559793241]},"properties":{"finess":"920003332","nom":"SAD CCAS FONTENAY AUX ROSES","departement":"HAUTS DE SEINE"}},{"type":"Feature","geometry":{"type":"Point","coordinates":[-1.028921838680314,45.62885931915614]},"properties":{"finess":"170020366","nom":"SAAD CCAS DE ROYAN","departement":"CHARENTE MARITIME"}},{"type":"Feature","geometry":{"type":"Point","coordinates":[1.795848388440706,48.96144503303115]},"properties":{"finess":"780806592","nom":"SAAD CCAS DE MEZIERES SUR SEINE","departement":"YVELINES"}},{"type":"Feature","geometry":{"type":"Point","coordinates":[5.851840778268837,43.10484057909009]},"properties":{"finess":"830025508","nom":"SAAD DOMICIL +","departement":"VAR"}},{"type":"Feature","geometry":{"type":"Point","coordinates":[7.423544625657772,49.0467191792988]},"properties":{"finess":"570029272","nom":"SAAD RESTE A DOM","departement":"MOSELLE"}},{"type":"Feature","geometry":{"type":"Point","coordinates":[-0.3767850450899138,43.30778912727875]},"properties":{"finess":"640019444","nom":"SAAD O2 PAU","departement":"PYRENEES ATLANTIQUES"}},{"type":"Feature","geometry":{"type":"Point","coordinates":[6.178111690106581,48.68813221967634]},"properties":{"finess":"540021763","nom":"SAAD ADAPA 54","departement":"MEURTHE ET MOSELLE"}},{"type":"Feature","geometry":{"type":"Point","coordinates":[6.173886496806728,48.66080878659705]},"properties":{"finess":"540024734","nom":"SAAD ADAPA 54","departement":"MEURTHE ET MOSELLE"}},{"type":"Feature","geometry":{"type":"Point","coordinates":[5.886550551310482,48.67300659954767]},"properties":{"finess":"540025269","nom":"SAAD ADAPA 54","departement":"MEURTHE ET MOSELLE"}},{"type":"Feature","geometry":{"type":"Point","coordinates":[6.498252583817675,48.59040240517425]},"properties":{"finess":"540025277","nom":"SAAD ADAPA 54","departement":"MEURTHE ET MOSELLE"}},{"type":"Feature","geometry":{"type":"Point","coordinates":[6.05219509272612,48.90188923123344]},"properties":{"finess":"540025749","nom":"SAAD ADAPA 54","departement":"MEURTHE ET MOSELLE"}},{"type":"Feature","geometry":{"type":"Point","coordinates":[1.45226151026078,43.58438060053366]},"properties":{"finess":"310028113","nom":"SAAD ARC EN CIEL","departement":"HAUTE GARONNE"}},{"type":"Feature","geometry":{"type":"Point","coordinates":[-1.998774010392318,46.90237868485547]},"properties":{"finess":"850028333","nom":"SAAD LA JOSINETTE","departement":"VENDEE"}},{"type":"Feature","geometry":{"type":"Point","coordinates":[3.291634824963052,49.84104123515972]},"properties":{"finess":"020017935","nom":"SAAD DOMICIL +","departement":"AISNE"}},{"type":"Feature","geometry":{"type":"Point","coordinates":[6.075684195129512,43.3162464153537]},"properties":{"finess":"830021721","nom":"SAAD UNIS SERVICES","departement":"VAR"}},{"type":"Feature","geometry":{"type":"Point","coordinates":[6.051655065776647,43.15729613945977]},"properties":{"finess":"830024162","nom":"SAAD L'ORCHIDEE","departement":"VAR"}},{"type":"Feature","geometry":{"type":"Point","coordinates":[-1.427043525246066,43.59194394035257]},"properties":{"finess":"400014403","nom":"SAAD AGE D'OR SERVICES","departement":"LANDES"}},{"type":"Feature","geometry":{"type":"Point","coordinates":[-1.489361824956278,43.44217286858186]},"properties":{"finess":"640020731","nom":"SAAD AGE D'OR SERVICES","departement":"PYRENEES ATLANTIQUES"}},{"type":"Feature","geometry":{"type":"Point","coordinates":[0.149729958956015,49.00455538810961]},"properties":{"finess":"140029604","nom":"SAD CCAS LIVAROT","departement":"CALVADOS"}},{"type":"Feature","geometry":{"type":"Point","coordinates":[3.243124340812554,45.545454422692]},"properties":{"finess":"630008738","nom":"SAD CA AGGLO PAYS D'ISSOIRE","departement":"PUY DE DOME"}},{"type":"Feature","geometry":{"type":"Point","coordinates":[4.84486890370539,46.7844324312203]},"properties":{"finess":"710016494","nom":"SAAD MUTUALITE FRANCAISE SAONE & LOIRE","departement":"SAONE ET LOIRE"}},{"type":"Feature","geometry":{"type":"Point","coordinates":[1.153579602344871,49.41167827987407]},"properties":{"finess":"760039131","nom":"SAAD AD SENIORS NORMANDIE-EST","departement":"SEINE MARITIME"}},{"type":"Feature","geometry":{"type":"Point","coordinates":[2.357936171155273,48.82309489144861]},"properties":{"finess":"750039117","nom":"SAA MYOSOTIS","departement":"PARIS"}},{"type":"Feature","geometry":{"type":"Point","coordinates":[5.722364425885341,45.19037691355039]},"properties":{"finess":"380023424","nom":"SAA DOMICIL PLUS - GRENOBLE","departement":"ISERE"}},{"type":"Feature","geometry":{"type":"Point","coordinates":[2.910916343580869,42.66010510448299]},"properties":{"finess":"660010224","nom":"SAD DOMICIL +","departement":"PYRENEES ORIENTALES"}},{"type":"Feature","geometry":{"type":"Point","coordinates":[1.626442507016836,50.76616119210413]},"properties":{"finess":"620108167","nom":"ADPA - ASSOCIATION AIDE À DOMICILE","departement":"PAS DE CALAIS"}},{"type":"Feature","geometry":{"type":"Point","coordinates":[-0.3863079317493857,43.22979082378429]},"properties":{"finess":"640788303","nom":"SAAD DU CCAS DE GAN","departement":"PYRENEES ATLANTIQUES"}},{"type":"Feature","geometry":{"type":"Point","coordinates":[6.526651559747121,48.57666425897371]},"properties":{"finess":"540023942","nom":"SAAD LOR SUD - AGE D'OR SERVICES","departement":"MEURTHE ET MOSELLE"}},{"type":"Feature","geometry":{"type":"Point","coordinates":[-4.094266310548307,48.19552724917313]},"properties":{"finess":"290021674","nom":"SAAD CCAS CHATEAULIN","departement":"FINISTERE"}},{"type":"Feature","geometry":{"type":"Point","coordinates":[-1.21586863539344,48.12358402426727]},"properties":{"finess":"350052940","nom":"SAAD DOMIDOM MIEUX A DOM","departement":"ILLE ET VILAINE"}},{"type":"Feature","geometry":{"type":"Point","coordinates":[-1.585403335155553,48.16091194882168]},"properties":{"finess":"350056495","nom":"SAAD DOMITYS LES COLOMBINES","departement":"ILLE ET VILAINE"}},{"type":"Feature","geometry":{"type":"Point","coordinates":[-1.722966909716465,47.98130870844133]},"properties":{"finess":"350054144","nom":"SAAD DOMITYS L'ARBRE D'OR","departement":"ILLE ET VILAINE"}},{"type":"Feature","geometry":{"type":"Point","coordinates":[5.84246629161264,43.87721259855794]},"properties":{"finess":"040006058","nom":"SAAD CCAS DE VOLX","departement":"ALPES DE HAUTE PROVENCE"}},{"type":"Feature","geometry":{"type":"Point","coordinates":[4.623628925781937,44.16214939744869]},"properties":{"finess":"300021300","nom":"SAAD ADISPO SERVICES DESTIA","departement":"GARD"}},{"type":"Feature","geometry":{"type":"Point","coordinates":[4.830337528214233,45.77688862956809]},"properties":{"finess":"690049440","nom":"SAAD VOTRE COMPAGNIE - LYON 4","departement":"RHONE"}},{"type":"Feature","geometry":{"type":"Point","coordinates":[2.528942297860081,50.27782659835156]},"properties":{"finess":"620029843","nom":"AZAE ARTOIS - SIÈGE","departement":"PAS DE CALAIS"}},{"type":"Feature","geometry":{"type":"Point","coordinates":[2.781670434678454,50.27994324881206]},"properties":{"finess":"620037192","nom":"AZAE ARTOIS - AGENCE ARRAS","departement":"PAS DE CALAIS"}},{"type":"Feature","geometry":{"type":"Point","coordinates":[1.610811358207046,50.72166966246867]},"properties":{"finess":"620036319","nom":"AZAE ARTOIS - AGENCE BOULOGNE-SUR-MER","departement":"PAS DE CALAIS"}},{"type":"Feature","geometry":{"type":"Point","coordinates":[2.286187464038662,49.87866188057057]},"properties":{"finess":"800022287","nom":"SAAD DOMALIANCE AMIENS","departement":"SOMME"}},{"type":"Feature","geometry":{"type":"Point","coordinates":[-1.501621509349441,43.48670278201245]},"properties":{"finess":"640019428","nom":"SAAD O2 ANGLET","departement":"PYRENEES ATLANTIQUES"}},{"type":"Feature","geometry":{"type":"Point","coordinates":[4.782449084259022,45.7649678205598]},"properties":{"finess":"690043179","nom":"SAAD LC LYON OUEST SERVICES","departement":"RHONE"}},{"type":"Feature","geometry":{"type":"Point","coordinates":[2.282362113276652,48.76264135784775]},"properties":{"finess":"920038999","nom":"SAA AIDE A LA VIE ET SERVICES","departement":"HAUTS DE SEINE"}},{"type":"Feature","geometry":{"type":"Point","coordinates":[2.29601500862711,48.89566694634571]},"properties":{"finess":"920037413","nom":"SAA AMELIS DOMICILE SCES LEVALLOIS","departement":"HAUTS DE SEINE"}},{"type":"Feature","geometry":{"type":"Point","coordinates":[2.293625593886601,48.77882800520171]},"properties":{"finess":"920035706","nom":"SAA AMELIS DOMICILE SCES SITE SCEAUX","departement":"HAUTS DE SEINE"}},{"type":"Feature","geometry":{"type":"Point","coordinates":[2.450783180053113,48.79811481880436]},"properties":{"finess":"940025331","nom":"SAAD ALKA SERVICES","departement":"VAL DE MARNE"}},{"type":"Feature","geometry":{"type":"Point","coordinates":[0.04389160208468385,47.89335184476611]},"properties":{"finess":"720022870","nom":"SAAD AXEO SERVICES","departement":"SARTHE"}},{"type":"Feature","geometry":{"type":"Point","coordinates":[2.523599228548797,48.77087967056075]},"properties":{"finess":"940809155","nom":"SAD CCAS DE SUCY EN BRIE","departement":"VAL DE MARNE"}},{"type":"Feature","geometry":{"type":"Point","coordinates":[-3.343469219460031,47.77358719708908]},"properties":{"finess":"560028946","nom":"SAAD DOMITYS LE JARDIN D'EOLE","departement":"MORBIHAN"}},{"type":"Feature","geometry":{"type":"Point","coordinates":[-2.982654590542001,47.66085369964583]},"properties":{"finess":"560028870","nom":"SAAD DOMITYS LES VOILES POURPRES","departement":"MORBIHAN"}},{"type":"Feature","geometry":{"type":"Point","coordinates":[-2.769496468182806,47.66282818958584]},"properties":{"finess":"560030777","nom":"SAAD DOMITYS TERRES DE LEGENDES","departement":"MORBIHAN"}},{"type":"Feature","geometry":{"type":"Point","coordinates":[2.277570345181536,48.76717258840714]},"properties":{"finess":"920003258","nom":"SAD CCAS/CIAS","departement":"HAUTS DE SEINE"}},{"type":"Feature","geometry":{"type":"Point","coordinates":[7.274032647635111,43.70054378071247]},"properties":{"finess":"060028503","nom":"SAAD AMELIS DOMICILE SERVICES","departement":"ALPES MARITIMES"}},{"type":"Feature","geometry":{"type":"Point","coordinates":[4.009492941855552,49.28299642951174]},"properties":{"finess":"510026834","nom":"SAD SL SERVICES - MAINTIEN A DOM","departement":"MARNE"}},{"type":"Feature","geometry":{"type":"Point","coordinates":[4.887111529489723,45.75887605448106]},"properties":{"finess":"690047071","nom":"SAAD ASD MIRIS - VILLEURBANNE","departement":"RHONE"}},{"type":"Feature","geometry":{"type":"Point","coordinates":[-0.2264614384627235,47.35026359898785]},"properties":{"finess":"490021714","nom":"SAAD DOMICILIA","departement":"MAINE ET LOIRE"}},{"type":"Feature","geometry":{"type":"Point","coordinates":[5.838942592687363,43.09370984916975]},"properties":{"finess":"830023602","nom":"SAP SAINT VINCENT","departement":"VAR"}},{"type":"Feature","geometry":{"type":"Point","coordinates":[2.174680061407567,48.8810449912426]},"properties":{"finess":"920035565","nom":"SAA NAAD","departement":"HAUTS DE SEINE"}},{"type":"Feature","geometry":{"type":"Point","coordinates":[5.720418389531908,45.18618537907575]},"properties":{"finess":"380024646","nom":"SAAD GRENOBLE VILLA SULLY","departement":"ISERE"}},{"type":"Feature","geometry":{"type":"Point","coordinates":[3.477542192314703,43.30266657092453]},"properties":{"finess":"340025337","nom":"SAAD ACTIONS SERVICES DOMICILE","departement":"HERAULT"}},{"type":"Feature","geometry":{"type":"Point","coordinates":[5.704970124918931,43.38507906410661]},"properties":{"finess":"830023842","nom":"SAAD BIEN CHEZ MOI","departement":"VAR"}},{"type":"Feature","geometry":{"type":"Point","coordinates":[4.875778440104235,45.5232294107821]},"properties":{"finess":"380025106","nom":"SAAD VIVASERVICES","departement":"ISERE"}},{"type":"Feature","geometry":{"type":"Point","coordinates":[6.02783091850141,44.34271434424554]},"properties":{"finess":"040005977","nom":"SAAD CCAS DE LA MOTTE-DU-CAIRE","departement":"ALPES DE HAUTE PROVENCE"}},{"type":"Feature","geometry":{"type":"Point","coordinates":[2.303217309350424,48.88747033030964]},"properties":{"finess":"750067746","nom":"SAA AMELIS DOMICILE SERVICES PARIS","departement":"PARIS"}},{"type":"Feature","geometry":{"type":"Point","coordinates":[0.1069355112781757,49.48599694722649]},"properties":{"finess":"760040501","nom":"SAAD ASS LOCALE ADMR PLATEAU DU HAVRE","departement":"SEINE MARITIME"}},{"type":"Feature","geometry":{"type":"Point","coordinates":[1.076310013937917,49.54916737395875]},"properties":{"finess":"760040626","nom":"SAAD ASS LOCALE ADMR ROUEN RIVE DROITE","departement":"SEINE MARITIME"}},{"type":"Feature","geometry":{"type":"Point","coordinates":[0.7126351494021754,49.86745830143978]},"properties":{"finess":"760917260","nom":"SAAD ASS LOCALE ADMR LES FALAISES","departement":"SEINE MARITIME"}},{"type":"Feature","geometry":{"type":"Point","coordinates":[1.107959071189655,49.79235907984236]},"properties":{"finess":"760917047","nom":"SAAD ASS LOCALE ADMR LONGUEVILLE","departement":"SEINE MARITIME"}},{"type":"Feature","geometry":{"type":"Point","coordinates":[1.076310013937917,49.54916737395875]},"properties":{"finess":"760040782","nom":"SAAD ASS LOCALE ADMR 76 LA BROTONNE","departement":"SEINE MARITIME"}},{"type":"Feature","geometry":{"type":"Point","coordinates":[0.6384142549945697,49.78686473239289]},"properties":{"finess":"760038356","nom":"SAAD ADMR LA DURDENT","departement":"SEINE MARITIME"}},{"type":"Feature","geometry":{"type":"Point","coordinates":[5.706281764053115,45.2549266554203]},"properties":{"finess":"380024786","nom":"SAAD LILA SERVICES","departement":"ISERE"}},{"type":"Feature","geometry":{"type":"Point","coordinates":[6.567629419867814,43.20748160830028]},"properties":{"finess":"830023180","nom":"SAAD CCAS DE LA CROIX VALMER","departement":"VAR"}},{"type":"Feature","geometry":{"type":"Point","coordinates":[4.816094630366714,45.08515656352431]},"properties":{"finess":"070008479","nom":"EN TOUTE QUIETUDE","departement":"ARDECHE"}},{"type":"Feature","geometry":{"type":"Point","coordinates":[3.68275431876766,46.52135612631015]},"properties":{"finess":"030784409","nom":"DOM SERVICES PLUS","departement":"ALLIER"}},{"type":"Feature","geometry":{"type":"Point","coordinates":[3.044237131415197,50.62620890156278]},"properties":{"finess":"590071023","nom":"SAD DECLIC EVEIL","departement":"NORD"}},{"type":"Feature","geometry":{"type":"Point","coordinates":[4.720241892788787,46.34560485779496]},"properties":{"finess":"710008335","nom":"SAAD LA ROCHE VINEUSE","departement":"SAONE ET LOIRE"}},{"type":"Feature","geometry":{"type":"Point","coordinates":[5.220767769791389,46.22742545343313]},"properties":{"finess":"010788503","nom":"SAAD AMICIAL AIN","departement":"AIN"}},{"type":"Feature","geometry":{"type":"Point","coordinates":[3.199057149188343,45.76818320005655]},"properties":{"finess":"630010098","nom":"SERVICE PRESTATAIRE MAINTIEN DOMICILE","departement":"PUY DE DOME"}},{"type":"Feature","geometry":{"type":"Point","coordinates":[3.183448645120106,50.68806362547161]},"properties":{"finess":"590053666","nom":"SAAD ENSEMBLE AUTREMENT","departement":"NORD"}},{"type":"Feature","geometry":{"type":"Point","coordinates":[6.762267365963045,47.57684381944094]},"properties":{"finess":"700005994","nom":"SAAD HSAP HERICOURT","departement":"HAUTE SAONE"}},{"type":"Feature","geometry":{"type":"Point","coordinates":[7.022299764254649,43.55731487983753]},"properties":{"finess":"060029014","nom":"SAAD BEL AGE SERVICE","departement":"ALPES MARITIMES"}},{"type":"Feature","geometry":{"type":"Point","coordinates":[7.148127731829354,43.66305279280034]},"properties":{"finess":"060029022","nom":"SAAD BEL AGE SERVICE CAGNES","departement":"ALPES MARITIMES"}},{"type":"Feature","geometry":{"type":"Point","coordinates":[7.496170517430072,43.77366206615062]},"properties":{"finess":"060029030","nom":"SAAD BEL AGE SERVICE MENTON","departement":"ALPES MARITIMES"}},{"type":"Feature","geometry":{"type":"Point","coordinates":[7.252454487422082,43.718353728225]},"properties":{"finess":"060029048","nom":"SAAD BEL AGE SERVICE NICE","departement":"ALPES MARITIMES"}},{"type":"Feature","geometry":{"type":"Point","coordinates":[5.920598975227294,43.1278809601665]},"properties":{"finess":"830027355","nom":"SAAD BEL AGE SERVICE","departement":"VAR"}},{"type":"Feature","geometry":{"type":"Point","coordinates":[6.761768953768787,43.42922149068768]},"properties":{"finess":"830025078","nom":"SAAD BEL AGE SERVICE FREJUS","departement":"VAR"}},{"type":"Feature","geometry":{"type":"Point","coordinates":[-2.764286174877585,48.53031720645858]},"properties":{"finess":"220019475","nom":"SAD 22 APF PLERIN FRANCE HANDICAP","departement":"COTES D ARMOR"}},{"type":"Feature","geometry":{"type":"Point","coordinates":[3.101879362994318,50.65781070549487]},"properties":{"finess":"590071908","nom":"SAD O2 MARCQ EN BAROEUL","departement":"NORD"}},{"type":"Feature","geometry":{"type":"Point","coordinates":[4.954657509010643,45.69442185687987]},"properties":{"finess":"690024443","nom":"SAAD CCAS SAINT PRIEST","departement":"RHONE"}},{"type":"Feature","geometry":{"type":"Point","coordinates":[3.423844345542123,46.12381930059267]},"properties":{"finess":"030009070","nom":"AIDE BOURBONNAIS SERVICES","departement":"ALLIER"}},{"type":"Feature","geometry":{"type":"Point","coordinates":[2.170220821667826,48.87618374381303]},"properties":{"finess":"920035482","nom":"DESTIA","departement":"HAUTS DE SEINE"}},{"type":"Feature","geometry":{"type":"Point","coordinates":[2.233499992421755,48.98990218737799]},"properties":{"finess":"950046060","nom":"SAAD SOUS MON TOIT SITE FRANCONVILLE","departement":"VAL D OISE"}},{"type":"Feature","geometry":{"type":"Point","coordinates":[2.24995766734174,48.83471508066906]},"properties":{"finess":"920039484","nom":"CLEYADE DESTIA","departement":"HAUTS DE SEINE"}},{"type":"Feature","geometry":{"type":"Point","coordinates":[5.173223677562257,45.75103035896875]},"properties":{"finess":"380022871","nom":"DOMALIANCE","departement":"ISERE"}},{"type":"Feature","geometry":{"type":"Point","coordinates":[1.860709332729756,50.94579286914743]},"properties":{"finess":"620031831","nom":"FG SERVICES - DOMALIANCE CALAIS","departement":"PAS DE CALAIS"}},{"type":"Feature","geometry":{"type":"Point","coordinates":[1.835269839860574,50.66761202622433]},"properties":{"finess":"620036814","nom":"FG SERVICES - DOMALIANCE DESVRES","departement":"PAS DE CALAIS"}},{"type":"Feature","geometry":{"type":"Point","coordinates":[2.252632037445831,50.74982489113814]},"properties":{"finess":"620029082","nom":"FG SERVICES - DOMALIANCE SAINT-OMER","departement":"PAS DE CALAIS"}},{"type":"Feature","geometry":{"type":"Point","coordinates":[7.458719530442953,48.26114876718941]},"properties":{"finess":"670019835","nom":"SAAD SERVICES COMPRIS ADHAP SERVICES","departement":"BAS RHIN"}},{"type":"Feature","geometry":{"type":"Point","coordinates":[6.39913025386096,43.53309236518105]},"properties":{"finess":"830023867","nom":"SAD ASTRID","departement":"VAR"}},{"type":"Feature","geometry":{"type":"Point","coordinates":[2.085035506022066,49.43215677949276]},"properties":{"finess":"600016935","nom":"ADHAP SERVICES","departement":"OISE"}},{"type":"Feature","geometry":{"type":"Point","coordinates":[4.216394590738068,45.52371203341168]},"properties":{"finess":"420018954","nom":"O2 PLAINE DU FOREZ ET FIRMINY","departement":"LOIRE"}},{"type":"Feature","geometry":{"type":"Point","coordinates":[6.791753945424921,43.43731659919975]},"properties":{"finess":"830027868","nom":"SAAD AD SENIORS","departement":"VAR"}},{"type":"Feature","geometry":{"type":"Point","coordinates":[2.240526391812078,48.82869985536905]},"properties":{"finess":"920040441","nom":"SAAD POINT DU JOUR SERVICES","departement":"HAUTS DE SEINE"}},{"type":"Feature","geometry":{"type":"Point","coordinates":[-1.208016152343932,48.1099108597153]},"properties":{"finess":"350051710","nom":"SAAD GLT SERVICES O2 CARE SERVICE","departement":"ILLE ET VILAINE"}},{"type":"Feature","geometry":{"type":"Point","coordinates":[-1.200093562615625,48.35632106643267]},"properties":{"finess":"350052411","nom":"SAAD GTL SERVICES 0 2 CARE SERVICE","departement":"ILLE ET VILAINE"}},{"type":"Feature","geometry":{"type":"Point","coordinates":[2.362122142602987,48.87037856645681]},"properties":{"finess":"750059677","nom":"SAD AUTONOME ENSEMBLE","departement":"PARIS"}},{"type":"Feature","geometry":{"type":"Point","coordinates":[2.931250185273794,42.6915447834727]},"properties":{"finess":"660011305","nom":"SAAD AGE D'OR SERVICES","departement":"PYRENEES ORIENTALES"}},{"type":"Feature","geometry":{"type":"Point","coordinates":[4.892107529616563,44.93326968064789]},"properties":{"finess":"260020698","nom":"A2MICILE VALENCE / DOMALIANCE","departement":"DROME"}},{"type":"Feature","geometry":{"type":"Point","coordinates":[-0.5532631098398838,47.47416307816044]},"properties":{"finess":"490021391","nom":"SAAD DOMALIANCE ANGERS","departement":"MAINE ET LOIRE"}},{"type":"Feature","geometry":{"type":"Point","coordinates":[-0.9102728494799033,47.09208796679847]},"properties":{"finess":"490022704","nom":"SAAD DOMALIANCE CHOLET","departement":"MAINE ET LOIRE"}},{"type":"Feature","geometry":{"type":"Point","coordinates":[-0.06798560454849278,47.26874621384646]},"properties":{"finess":"490021383","nom":"SAAD DOMALIANCE SAUMUR","departement":"MAINE ET LOIRE"}},{"type":"Feature","geometry":{"type":"Point","coordinates":[7.249593268359019,43.69316355587734]},"properties":{"finess":"060027364","nom":"SAAD AZAE NICE","departement":"ALPES MARITIMES"}},{"type":"Feature","geometry":{"type":"Point","coordinates":[5.836398068390728,43.09383539249363]},"properties":{"finess":"830024071","nom":"SAAD L'AGE HEUREUX","departement":"VAR"}},{"type":"Feature","geometry":{"type":"Point","coordinates":[-1.208480469260712,48.11440530266718]},"properties":{"finess":"350054292","nom":"SAAD DOMITYS LA MARQUISE","departement":"ILLE ET VILAINE"}},{"type":"Feature","geometry":{"type":"Point","coordinates":[-0.3238498636910606,43.31135168216535]},"properties":{"finess":"640018560","nom":"SAAD AGE D'OR SERVICES","departement":"PYRENEES ATLANTIQUES"}},{"type":"Feature","geometry":{"type":"Point","coordinates":[5.092394055815686,43.64189104590781]},"properties":{"finess":"130049521","nom":"SAAD PROXIM SERVICES FAMILLEMPLOIS","departement":"BOUCHES DU RHONE"}},{"type":"Feature","geometry":{"type":"Point","coordinates":[4.334734508897491,43.81619292884832]},"properties":{"finess":"300020005","nom":"SAAD AZAE NIMES","departement":"GARD"}},{"type":"Feature","geometry":{"type":"Point","coordinates":[0.1855425422668136,48.01521228691775]},"properties":{"finess":"720021559","nom":"SAAD DOMALIANCE","departement":"SARTHE"}},{"type":"Feature","geometry":{"type":"Point","coordinates":[-0.5724091431800361,43.39701589029777]},"properties":{"finess":"640023065","nom":"SAD AZAE ARTIX","departement":"PYRENEES ATLANTIQUES"}},{"type":"Feature","geometry":{"type":"Point","coordinates":[-1.494160934269397,43.49949895081959]},"properties":{"finess":"640020129","nom":"SAD AZAE COTE BASQUE","departement":"PYRENEES ATLANTIQUES"}},{"type":"Feature","geometry":{"type":"Point","coordinates":[0.2104390119516535,48.00148785437833]},"properties":{"finess":"720021468","nom":"SAAD AVS","departement":"SARTHE"}},{"type":"Feature","geometry":{"type":"Point","coordinates":[4.745204331258287,44.55811834462853]},"properties":{"finess":"260020789","nom":"DOMALIANCE MONTELIMAR","departement":"DROME"}},{"type":"Feature","geometry":{"type":"Point","coordinates":[4.736111566142084,44.53048639518508]},"properties":{"finess":"260015672","nom":"AZAE MONTELIMAR","departement":"DROME"}},{"type":"Feature","geometry":{"type":"Point","coordinates":[4.694811291385988,44.3769132635487]},"properties":{"finess":"260023510","nom":"AZAE PIERRELATTE","departement":"DROME"}},{"type":"Feature","geometry":{"type":"Point","coordinates":[2.920657543450559,42.68624000389125]},"properties":{"finess":"660010679","nom":"SAD AZAE PERPIGNAN","departement":"PYRENEES ORIENTALES"}},{"type":"Feature","geometry":{"type":"Point","coordinates":[1.893463592538674,47.90060363878163]},"properties":{"finess":"450022421","nom":"SAD A2DOMICILE ORLEANS 1 - AZE ORLEANS","departement":"LOIRET"}},{"type":"Feature","geometry":{"type":"Point","coordinates":[2.138684878438042,48.79522443355152]},"properties":{"finess":"780029294","nom":"A2MICILE RÉGION IDF","departement":"YVELINES"}},{"type":"Feature","geometry":{"type":"Point","coordinates":[4.884774562804449,44.91295310664438]},"properties":{"finess":"260019948","nom":"DOMALIANCE VALENCE","departement":"DROME"}},{"type":"Feature","geometry":{"type":"Point","coordinates":[0.6992205279812225,47.35377542094847]},"properties":{"finess":"370013674","nom":"SAAD A2MICILE AZAE TOURS","departement":"INDRE ET LOIRE"}},{"type":"Feature","geometry":{"type":"Point","coordinates":[7.00040381410539,43.57247942332523]},"properties":{"finess":"060027042","nom":"SAAD AZAE LE CANNET","departement":"ALPES MARITIMES"}},{"type":"Feature","geometry":{"type":"Point","coordinates":[1.499039128105531,49.10818069166896]},"properties":{"finess":"270015159","nom":"SAD VERNON CA SEINE NORMANDIE AGGLO","departement":"EURE"}},{"type":"Feature","geometry":{"type":"Point","coordinates":[3.197180644844047,46.09727666052316]},"properties":{"finess":"030784466","nom":"SAAD CCAS GANNAT","departement":"ALLIER"}},{"type":"Feature","geometry":{"type":"Point","coordinates":[2.15366685086718,48.43248797090849]},"properties":{"finess":"910023761","nom":"SAAD A VOTRE DOMICILE SERVICE ETAMPES","departement":"ESSONNE"}},{"type":"Feature","geometry":{"type":"Point","coordinates":[-1.397739338231954,46.6673578386765]},"properties":{"finess":"850028796","nom":"SAAD IOLINA SERVICES","departement":"VENDEE"}},{"type":"Feature","geometry":{"type":"Point","coordinates":[-1.54832484983746,47.19316663102433]},"properties":{"finess":"440053619","nom":"SAAD RES. VILLAS GINKGOS-BELLES RIVES","departement":"LOIRE ATLANTIQUE"}},{"type":"Feature","geometry":{"type":"Point","coordinates":[5.274590613906781,45.585657261879]},"properties":{"finess":"380024950","nom":"SAAD PCR MULTISERVICES / VIVASERVICES","departement":"ISERE"}},{"type":"Feature","geometry":{"type":"Point","coordinates":[6.861079587720741,47.63003810654021]},"properties":{"finess":"900004318","nom":"A2MICILE/AZAE","departement":"TERRITOIRE DE BELFORT"}},{"type":"Feature","geometry":{"type":"Point","coordinates":[1.582179348328034,50.52315505622205]},"properties":{"finess":"620029603","nom":"VIE & SERVICES","departement":"PAS DE CALAIS"}},{"type":"Feature","geometry":{"type":"Point","coordinates":[-1.143358353870682,46.15536086541076]},"properties":{"finess":"170026884","nom":"SAAD AZAE LA ROCHELLE","departement":"CHARENTE MARITIME"}},{"type":"Feature","geometry":{"type":"Point","coordinates":[2.320493317615699,48.88986740193349]},"properties":{"finess":"750070450","nom":"A2MICILE PARIS 17","departement":"PARIS"}},{"type":"Feature","geometry":{"type":"Point","coordinates":[55.47947515821416,-20.90046751611954]},"properties":{"finess":"970404703","nom":"SAAD - PRO.RE.SAP","departement":"LA REUNION"}},{"type":"Feature","geometry":{"type":"Point","coordinates":[4.663989571459175,46.61281483972237]},"properties":{"finess":"710971870","nom":"SAAD ADMR ST GENGOUX LE NATIONAL","departement":"SAONE ET LOIRE"}},{"type":"Feature","geometry":{"type":"Point","coordinates":[2.125455065784385,49.01551775854976]},"properties":{"finess":"950038950","nom":"SAD L'AGE D'OR SERVICES","departement":"VAL D OISE"}},{"type":"Feature","geometry":{"type":"Point","coordinates":[0.5452999228981159,46.8146995853125]},"properties":{"finess":"860014471","nom":"SAAD AGE D OR SERVICES CHATELLERAULT","departement":"VIENNE"}},{"type":"Feature","geometry":{"type":"Point","coordinates":[4.746960148468543,43.89959477187978]},"properties":{"finess":"130048812","nom":"SAAD CCAS BARBENTANE","departement":"BOUCHES DU RHONE"}},{"type":"Feature","geometry":{"type":"Point","coordinates":[5.319765998883957,45.15360674682375]},"properties":{"finess":"380026211","nom":"O2 SAINT-MARCELLIN","departement":"ISERE"}},{"type":"Feature","geometry":{"type":"Point","coordinates":[2.242044732165419,48.92607980680879]},"properties":{"finess":"920003316","nom":"SAD CCAS DE COLOMBES SITE REPUBLIQUE","departement":"HAUTS DE SEINE"}},{"type":"Feature","geometry":{"type":"Point","coordinates":[5.942582039983122,44.19393272683267]},"properties":{"finess":"040006033","nom":"SAAD CCAS DE SISTERON","departement":"ALPES DE HAUTE PROVENCE"}},{"type":"Feature","geometry":{"type":"Point","coordinates":[5.81575942384814,45.2403456403913]},"properties":{"finess":"380027110","nom":"SAAD ESPACE ET VIE","departement":"ISERE"}},{"type":"Feature","geometry":{"type":"Point","coordinates":[5.678651849413301,45.23022259513726]},"properties":{"finess":"380025171","nom":"SAAD G2L SAINT-EGREVE","departement":"ISERE"}},{"type":"Feature","geometry":{"type":"Point","coordinates":[-0.3935697615280022,43.28899517464596]},"properties":{"finess":"640020764","nom":"SAAD A.DOM & SERVICES","departement":"PYRENEES ATLANTIQUES"}},{"type":"Feature","geometry":{"type":"Point","coordinates":[6.774051390983262,43.4275195538814]},"properties":{"finess":"830022729","nom":"SAAD SANTE ASSISTANCE SERVICES","departement":"VAR"}},{"type":"Feature","geometry":{"type":"Point","coordinates":[3.079763395187718,44.10439781978276]},"properties":{"finess":"120008974","nom":"SAAD SAP 12 - O2 MILLAU","departement":"AVEYRON"}},{"type":"Feature","geometry":{"type":"Point","coordinates":[2.345153596107138,48.97477543300812]},"properties":{"finess":"950034447","nom":"SAD MIEUX VIVRE CHEZ SOI","departement":"VAL D OISE"}},{"type":"Feature","geometry":{"type":"Point","coordinates":[-0.5970915333602814,47.47332312052105]},"properties":{"finess":"490021656","nom":"SAAD DOMICIL +","departement":"MAINE ET LOIRE"}},{"type":"Feature","geometry":{"type":"Point","coordinates":[2.079141519693245,49.04097328107029]},"properties":{"finess":"950047571","nom":"SAA AUXILIADOM CERGY","departement":"VAL D OISE"}},{"type":"Feature","geometry":{"type":"Point","coordinates":[2.132407675071687,48.80741833060372]},"properties":{"finess":"780031274","nom":"SAA AUXILIADOM VERSAILLES","departement":"YVELINES"}},{"type":"Feature","geometry":{"type":"Point","coordinates":[-1.878698231934447,46.69320331186866]},"properties":{"finess":"850028499","nom":"SAAD CIAS PAYS ST GILLES X VIE","departement":"VENDEE"}},{"type":"Feature","geometry":{"type":"Point","coordinates":[5.840018814178631,45.20341200528799]},"properties":{"finess":"380024521","nom":"SAAD DOMICILE SERVICE","departement":"ISERE"}},{"type":"Feature","geometry":{"type":"Point","coordinates":[-0.6562287356156281,44.84617624576708]},"properties":{"finess":"330801176","nom":"SAAD CCAS DE MERIGNAC","departement":"GIRONDE"}},{"type":"Feature","geometry":{"type":"Point","coordinates":[5.605157541440987,43.17354363629825]},"properties":{"finess":"130021348","nom":"SAAD CCAS LA CIOTAT","departement":"BOUCHES DU RHONE"}},{"type":"Feature","geometry":{"type":"Point","coordinates":[-0.7613586955493327,43.32219380427175]},"properties":{"finess":"640788337","nom":"SAAD DU CCAS DE NAVARRENX","departement":"PYRENEES ATLANTIQUES"}},{"type":"Feature","geometry":{"type":"Point","coordinates":[2.032626806859207,44.35294093709469]},"properties":{"finess":"120008438","nom":"SAAD GENERATIONS 12","departement":"AVEYRON"}},{"type":"Feature","geometry":{"type":"Point","coordinates":[5.445397568752515,45.56481652068607]},"properties":{"finess":"380022996","nom":"SAAD REMUE MENAGE","departement":"ISERE"}},{"type":"Feature","geometry":{"type":"Point","coordinates":[0.9575597419502103,45.77210055729793]},"properties":{"finess":"870018405","nom":"SAAD ATOUT SERVICES 87","departement":"HAUTE VIENNE"}},{"type":"Feature","geometry":{"type":"Point","coordinates":[-0.3638048638314277,43.32319272561911]},"properties":{"finess":"640019394","nom":"SAAD DOMITYS LE PALMIER DU ROI","departement":"PYRENEES ATLANTIQUES"}},{"type":"Feature","geometry":{"type":"Point","coordinates":[-0.7826219393422204,43.49160930148673]},"properties":{"finess":"640019402","nom":"SAAD DOMITYS ORTHEZ","departement":"PYRENEES ATLANTIQUES"}},{"type":"Feature","geometry":{"type":"Point","coordinates":[4.787730633718354,46.2441224424991]},"properties":{"finess":"710971755","nom":"SAAD ADMR CRECHES SUR SAONE","departement":"SAONE ET LOIRE"}},{"type":"Feature","geometry":{"type":"Point","coordinates":[1.456720737389486,43.60058791670034]},"properties":{"finess":"310036793","nom":"SAD O2 TOULOUSE","departement":"HAUTE GARONNE"}},{"type":"Feature","geometry":{"type":"Point","coordinates":[3.087558881614858,50.6562942564647]},"properties":{"finess":"590061362","nom":"AUXILIADOM","departement":"NORD"}},{"type":"Feature","geometry":{"type":"Point","coordinates":[1.259627386622129,45.82731258673369]},"properties":{"finess":"870018132","nom":"SAAD SENIORS COMPAGNIE","departement":"HAUTE VIENNE"}},{"type":"Feature","geometry":{"type":"Point","coordinates":[1.619607815040194,42.98720840517872]},"properties":{"finess":"090004276","nom":"DOMALIANCE FOIX","departement":"ARIEGE"}},{"type":"Feature","geometry":{"type":"Point","coordinates":[-1.28622262649466,47.08781983640602]},"properties":{"finess":"440054435","nom":"SAA VIZEN","departement":"LOIRE ATLANTIQUE"}},{"type":"Feature","geometry":{"type":"Point","coordinates":[-2.77236141641284,48.51512223086679]},"properties":{"finess":"220024186","nom":"SAAD DOMITYS LE GRIFFON D'OR","departement":"COTES D ARMOR"}},{"type":"Feature","geometry":{"type":"Point","coordinates":[6.815896346421403,49.14535271152373]},"properties":{"finess":"570026005","nom":"SAAD AAPA BHL-AIDE PA BASSIN HOUILLER","departement":"MOSELLE"}},{"type":"Feature","geometry":{"type":"Point","coordinates":[-0.346273297003437,46.01982032397704]},"properties":{"finess":"170020721","nom":"SAAD CCAS AULNAY DE SAINTONGE","departement":"CHARENTE MARITIME"}},{"type":"Feature","geometry":{"type":"Point","coordinates":[2.221364663404991,48.8422472367487]},"properties":{"finess":"920034824","nom":"SAD ASSOCIATION AURORE","departement":"HAUTS DE SEINE"}},{"type":"Feature","geometry":{"type":"Point","coordinates":[2.34578340360279,48.80652709929964]},"properties":{"finess":"940025505","nom":"SAAD ASSISTANCE ET RELAIS A DOMICILE","departement":"VAL DE MARNE"}},{"type":"Feature","geometry":{"type":"Point","coordinates":[1.398729885202948,43.60719664974959]},"properties":{"finess":"310027016","nom":"DOMALIANCE SUD OUEST","departement":"HAUTE GARONNE"}},{"type":"Feature","geometry":{"type":"Point","coordinates":[1.714362050283162,48.99148240455764]},"properties":{"finess":"780029286","nom":"AVS","departement":"YVELINES"}},{"type":"Feature","geometry":{"type":"Point","coordinates":[2.262853956381563,48.80060669154076]},"properties":{"finess":"920033016","nom":"SAD DE LA VILLE DE CLAMART","departement":"HAUTS DE SEINE"}},{"type":"Feature","geometry":{"type":"Point","coordinates":[1.245751447973937,45.8438943980517]},"properties":{"finess":"870018504","nom":"SAAD FREE DOM' LIMOGES","departement":"HAUTE VIENNE"}},{"type":"Feature","geometry":{"type":"Point","coordinates":[1.388770529852805,43.5090988963303]},"properties":{"finess":"310036215","nom":"SAD DOMICIL 'SERVICES 31","departement":"HAUTE GARONNE"}},{"type":"Feature","geometry":{"type":"Point","coordinates":[1.443187354389385,43.59212531262458]},"properties":{"finess":"310016449","nom":"SAD DOMICIL'SERVICES 31","departement":"HAUTE GARONNE"}},{"type":"Feature","geometry":{"type":"Point","coordinates":[3.844882085183148,43.58156934894365]},"properties":{"finess":"340024173","nom":"SAAD DS ASSISTANCE SAINT JEAN DE VEDAS","departement":"HERAULT"}},{"type":"Feature","geometry":{"type":"Point","coordinates":[6.011521462354456,49.22519431373889]},"properties":{"finess":"540019346","nom":"SAAD ALYS PA PH 54","departement":"MEURTHE ET MOSELLE"}},{"type":"Feature","geometry":{"type":"Point","coordinates":[2.264568387918975,48.82182771697261]},"properties":{"finess":"920034931","nom":"SAD SEINE ATTITUDE","departement":"HAUTS DE SEINE"}},{"type":"Feature","geometry":{"type":"Point","coordinates":[0.8308436476625766,49.35143809072584]},"properties":{"finess":"270011471","nom":"SAD COM COM ROUMOIS SEINE","departement":"EURE"}},{"type":"Feature","geometry":{"type":"Point","coordinates":[-0.5498811219640487,47.47130442670595]},"properties":{"finess":"490023751","nom":"SAA SOLUTIA","departement":"MAINE ET LOIRE"}},{"type":"Feature","geometry":{"type":"Point","coordinates":[3.141181106050447,45.72962506149873]},"properties":{"finess":"630015006","nom":"SERVICE AIDE ACCOMPAGNEMENT DOMICILE","departement":"PUY DE DOME"}},{"type":"Feature","geometry":{"type":"Point","coordinates":[7.253075889186276,43.71833934364246]},"properties":{"finess":"060028370","nom":"SAAD HOME SERVICES","departement":"ALPES MARITIMES"}},{"type":"Feature","geometry":{"type":"Point","coordinates":[7.119657554253545,43.58062360001399]},"properties":{"finess":"060031168","nom":"SAAD HOME SERVICES","departement":"ALPES MARITIMES"}},{"type":"Feature","geometry":{"type":"Point","coordinates":[3.124041447127598,45.77889928513002]},"properties":{"finess":"630014884","nom":"SAAD VITALLIANCE CLERMONT-FERRAND","departement":"PUY DE DOME"}},{"type":"Feature","geometry":{"type":"Point","coordinates":[4.352309480226817,43.81428163553586]},"properties":{"finess":"300018744","nom":"SAD VITALLIANCE NIMES","departement":"GARD"}},{"type":"Feature","geometry":{"type":"Point","coordinates":[-3.048181664990457,48.7859431796779]},"properties":{"finess":"220023683","nom":"SAD VITALLIANCE PAIMPOL","departement":"COTES D ARMOR"}},{"type":"Feature","geometry":{"type":"Point","coordinates":[5.036387879859891,47.33810781566881]},"properties":{"finess":"210013926","nom":"VITALLIANCE - AGENCE DIJON","departement":"COTE D OR"}},{"type":"Feature","geometry":{"type":"Point","coordinates":[2.772608879638265,50.29678437849144]},"properties":{"finess":"620036202","nom":"SAAD DOMITYS L'ATLAS","departement":"PAS DE CALAIS"}},{"type":"Feature","geometry":{"type":"Point","coordinates":[1.851777682813668,50.9446669147043]},"properties":{"finess":"620036186","nom":"SAAD DOMITYS LE FIL DE SOIE","departement":"PAS DE CALAIS"}},{"type":"Feature","geometry":{"type":"Point","coordinates":[2.930263167674894,42.69340796951649]},"properties":{"finess":"660011263","nom":"SAAD SUD SERVICES A LA PERSONNE","departement":"PYRENEES ORIENTALES"}},{"type":"Feature","geometry":{"type":"Point","coordinates":[1.239815315879512,45.82749370927399]},"properties":{"finess":"870018280","nom":"SAAD DOMALIANCE LIMOGES OUEST","departement":"HAUTE VIENNE"}},{"type":"Feature","geometry":{"type":"Point","coordinates":[1.201741493931004,45.51139122117917]},"properties":{"finess":"870018025","nom":"SAAD DOMALIANCE SAINT-YRIEIX","departement":"HAUTE VIENNE"}},{"type":"Feature","geometry":{"type":"Point","coordinates":[1.27793643631442,45.82921363271305]},"properties":{"finess":"870018652","nom":"SAAD DOMALIANCE LIMOGES EST","departement":"HAUTE VIENNE"}},{"type":"Feature","geometry":{"type":"Point","coordinates":[3.304143935817599,49.84007099764943]},"properties":{"finess":"020013124","nom":"SAAD SIAD DE SAINT-QUENTIN","departement":"AISNE"}},{"type":"Feature","geometry":{"type":"Point","coordinates":[2.292501399150577,49.89303301825454]},"properties":{"finess":"800021495","nom":"SAAD O2 AMIENS","departement":"SOMME"}},{"type":"Feature","geometry":{"type":"Point","coordinates":[2.249991140141129,48.97459763087748]},"properties":{"finess":"950034165","nom":"SAD FAMILLY SERVICES","departement":"VAL D OISE"}},{"type":"Feature","geometry":{"type":"Point","coordinates":[1.671681138362387,49.00138406615631]},"properties":{"finess":"780003588","nom":"SAAD ASSISTANCE AU MAINTIEN A DOMICILE","departement":"YVELINES"}},{"type":"Feature","geometry":{"type":"Point","coordinates":[4.7711240735223,45.73794822478032]},"properties":{"finess":"690052162","nom":"SAAD BIEN CHEZ SOI","departement":"RHONE"}},{"type":"Feature","geometry":{"type":"Point","coordinates":[2.235009494107486,48.80464994142347]},"properties":{"finess":"920035136","nom":"SAS LES IMPECCABLES","departement":"HAUTS DE SEINE"}},{"type":"Feature","geometry":{"type":"Point","coordinates":[4.638054194275182,43.80796523885358]},"properties":{"finess":"300018884","nom":"SAD AGENCE RELAIS SERVICES","departement":"GARD"}},{"type":"Feature","geometry":{"type":"Point","coordinates":[4.441381649160257,44.04492603817045]},"properties":{"finess":"300021573","nom":"SAD AGENCE RELAIS SERVICES","departement":"GARD"}},{"type":"Feature","geometry":{"type":"Point","coordinates":[4.7636544660734,44.34629107657778]},"properties":{"finess":"260018940","nom":"SERVICE D'AIDE A DOMICILE","departement":"DROME"}},{"type":"Feature","geometry":{"type":"Point","coordinates":[-0.6857556056120662,44.84871680923663]},"properties":{"finess":"330062407","nom":"SAAD LA VIE A DOMICILE","departement":"GIRONDE"}},{"type":"Feature","geometry":{"type":"Point","coordinates":[-0.6462634925339307,44.80272697191791]},"properties":{"finess":"330061235","nom":"SAAD LA CLE DES AGES","departement":"GIRONDE"}},{"type":"Feature","geometry":{"type":"Point","coordinates":[6.233319406491122,49.11581371811092]},"properties":{"finess":"570028373","nom":"SAAD AIDHOM","departement":"MOSELLE"}},{"type":"Feature","geometry":{"type":"Point","coordinates":[7.05261892133671,48.73685990005241]},"properties":{"finess":"570030379","nom":"SAAD AIDHOM","departement":"MOSELLE"}},{"type":"Feature","geometry":{"type":"Point","coordinates":[2.62441326110255,47.68666039238655]},"properties":{"finess":"450020631","nom":"SAAD ALLIANCE VIE GIEN","departement":"LOIRET"}},{"type":"Feature","geometry":{"type":"Point","coordinates":[5.394180600174178,43.27787631603292]},"properties":{"finess":"130045453","nom":"SAAD MTDG","departement":"BOUCHES DU RHONE"}},{"type":"Feature","geometry":{"type":"Point","coordinates":[3.47437089808825,43.31020557674046]},"properties":{"finess":"340023373","nom":"SAAD AGE D'OR SERVICES AGDE","departement":"HERAULT"}},{"type":"Feature","geometry":{"type":"Point","coordinates":[3.895605226432589,43.60666198942342]},"properties":{"finess":"340023365","nom":"SAAD AGE D'OR SERVICES MONTPELLIER","departement":"HERAULT"}},{"type":"Feature","geometry":{"type":"Point","coordinates":[2.935475930326963,42.72989268983447]},"properties":{"finess":"660785148","nom":"SAAD CCAS BOMPAS","departement":"PYRENEES ORIENTALES"}},{"type":"Feature","geometry":{"type":"Point","coordinates":[4.38618476655847,45.43804287029239]},"properties":{"finess":"420011355","nom":"AIMV AMAELLES SAINT-ETIENNE","departement":"LOIRE"}},{"type":"Feature","geometry":{"type":"Point","coordinates":[4.865543916714111,44.55300627118531]},"properties":{"finess":"260021316","nom":"L ENTRAIDE LOCALE","departement":"DROME"}},{"type":"Feature","geometry":{"type":"Point","coordinates":[5.063737652049467,45.62952464204757]},"properties":{"finess":"380021220","nom":"ESSENTIEL ET DOMICILE","departement":"ISERE"}},{"type":"Feature","geometry":{"type":"Point","coordinates":[5.049615665551334,47.36533838332895]},"properties":{"finess":"210012944","nom":"SERVICE A LA PERSONNE O2 DIJON","departement":"COTE D OR"}},{"type":"Feature","geometry":{"type":"Point","coordinates":[5.235531374785123,45.59458697922445]},"properties":{"finess":"380024869","nom":"SAAD MAGBEN","departement":"ISERE"}},{"type":"Feature","geometry":{"type":"Point","coordinates":[2.359009643214538,48.83028215680828]},"properties":{"finess":"750060196","nom":"SAD GOBELINS DOMICILE ET SERVICES","departement":"PARIS"}},{"type":"Feature","geometry":{"type":"Point","coordinates":[2.093614022694999,48.89880639065513]},"properties":{"finess":"780807285","nom":"SAAD CCAS SAINT GERMAIN EN LAYE","departement":"YVELINES"}},{"type":"Feature","geometry":{"type":"Point","coordinates":[6.467416390572996,43.53576159900848]},"properties":{"finess":"830023701","nom":"SAAD HOSPITALISATION LIBERALE VAROISE","departement":"VAR"}},{"type":"Feature","geometry":{"type":"Point","coordinates":[2.308911174834328,48.82004521538099]},"properties":{"finess":"920035748","nom":"SAD SOLEIL DE MINUIT","departement":"HAUTS DE SEINE"}},{"type":"Feature","geometry":{"type":"Point","coordinates":[-1.820900351633588,46.9927236925363]},"properties":{"finess":"440060606","nom":"SAAD BIEN DANS SA MAISON","departement":"LOIRE ATLANTIQUE"}},{"type":"Feature","geometry":{"type":"Point","coordinates":[-1.940965353224235,47.11566787908232]},"properties":{"finess":"440062099","nom":"SAAD BIEN DANS SA MAISON","departement":"LOIRE ATLANTIQUE"}},{"type":"Feature","geometry":{"type":"Point","coordinates":[-2.091141606386954,47.43518183655088]},"properties":{"finess":"440062107","nom":"SAAD BIEN DANS SA MAISON","departement":"LOIRE ATLANTIQUE"}},{"type":"Feature","geometry":{"type":"Point","coordinates":[-1.94424980513726,47.36104709481306]},"properties":{"finess":"440062115","nom":"SAAD BIEN DANS SA MAISON","departement":"LOIRE ATLANTIQUE"}},{"type":"Feature","geometry":{"type":"Point","coordinates":[-1.28221319455747,47.08673692297008]},"properties":{"finess":"440062123","nom":"SAAD BIEN DANS SA MAISON","departement":"LOIRE ATLANTIQUE"}},{"type":"Feature","geometry":{"type":"Point","coordinates":[7.102445829487684,43.62517594522387]},"properties":{"finess":"060026960","nom":"SAAD AIDE LA VIE","departement":"ALPES MARITIMES"}},{"type":"Feature","geometry":{"type":"Point","coordinates":[2.240020822553589,48.83487989884851]},"properties":{"finess":"920032570","nom":"SAD SERVIDOR AGE D OR SERVICES","departement":"HAUTS DE SEINE"}},{"type":"Feature","geometry":{"type":"Point","coordinates":[5.727811634204616,45.17836485282423]},"properties":{"finess":"380023499","nom":"SAAD A2MICILE","departement":"ISERE"}},{"type":"Feature","geometry":{"type":"Point","coordinates":[3.22177852701532,45.89442709202351]},"properties":{"finess":"630014934","nom":"SAA RIOM LIMAGNE ET VOLCANS","departement":"PUY DE DOME"}},{"type":"Feature","geometry":{"type":"Point","coordinates":[3.058384669434191,50.52264983261212]},"properties":{"finess":"590053427","nom":"SAD DE L'ANASOPEM","departement":"NORD"}},{"type":"Feature","geometry":{"type":"Point","coordinates":[0.1932072180450394,48.00536143490793]},"properties":{"finess":"720021393","nom":"SAAD ALLIANCE VIE","departement":"SARTHE"}},{"type":"Feature","geometry":{"type":"Point","coordinates":[0.06011881653413853,43.22034503267034]},"properties":{"finess":"650006208","nom":"SAA APR SERVICES TARBES","departement":"HAUTES PYRENEES"}},{"type":"Feature","geometry":{"type":"Point","coordinates":[55.67762161267819,-20.99950488365385]},"properties":{"finess":"970411740","nom":"SAAD - DIALIE","departement":"LA REUNION"}},{"type":"Feature","geometry":{"type":"Point","coordinates":[-0.3755261498353707,49.18261685569821]},"properties":{"finess":"140029521","nom":"SAD SARL O2 CAEN","departement":"CALVADOS"}},{"type":"Feature","geometry":{"type":"Point","coordinates":[2.733412264179965,47.99617758381667]},"properties":{"finess":"450021738","nom":"SAAD ALLIANCE VIE MONTARGIS","departement":"LOIRET"}},{"type":"Feature","geometry":{"type":"Point","coordinates":[6.66263935755677,48.0020178401218]},"properties":{"finess":"880010855","nom":"AD SENIORS CENTRALE VOSGES","departement":"VOSGES"}},{"type":"Feature","geometry":{"type":"Point","coordinates":[3.039051446309511,50.61426744677068]},"properties":{"finess":"590071494","nom":"DOMITYS L'AGAPANTHE","departement":"NORD"}},{"type":"Feature","geometry":{"type":"Point","coordinates":[3.135880600694326,50.6685917027593]},"properties":{"finess":"590063764","nom":"DOMITYS L'HERMINE BLANCHE","departement":"NORD"}},{"type":"Feature","geometry":{"type":"Point","coordinates":[3.095236296778298,50.62834755926548]},"properties":{"finess":"590071486","nom":"DOMITYS LE PIANO","departement":"NORD"}},{"type":"Feature","geometry":{"type":"Point","coordinates":[2.999545549645318,50.64360529375821]},"properties":{"finess":"590071502","nom":"DOMITYS VILLA ULMA","departement":"NORD"}},{"type":"Feature","geometry":{"type":"Point","coordinates":[6.857108268795236,49.21350923317484]},"properties":{"finess":"570026427","nom":"SAD COUP D'POUCE","departement":"MOSELLE"}},{"type":"Feature","geometry":{"type":"Point","coordinates":[7.596229506439341,48.37332555482575]},"properties":{"finess":"670020270","nom":"SAAD MILLEPATTE","departement":"BAS RHIN"}},{"type":"Feature","geometry":{"type":"Point","coordinates":[5.934850469616157,43.12022125587759]},"properties":{"finess":"830021184","nom":"SAAD DOMINO SERVICES","departement":"VAR"}},{"type":"Feature","geometry":{"type":"Point","coordinates":[5.855240581966092,43.10782316541358]},"properties":{"finess":"830027934","nom":"SAAD DOMINO SERVICES","departement":"VAR"}},{"type":"Feature","geometry":{"type":"Point","coordinates":[5.850811806873748,43.10965678809518]},"properties":{"finess":"830027686","nom":"SAAD AD SENIORS","departement":"VAR"}},{"type":"Feature","geometry":{"type":"Point","coordinates":[-1.49854218854785,47.95944027528398]},"properties":{"finess":"350040697","nom":"SAAD CCAS JANZE","departement":"ILLE ET VILAINE"}},{"type":"Feature","geometry":{"type":"Point","coordinates":[2.291293085263537,48.74424898837574]},"properties":{"finess":"920032653","nom":"SAD DORART SERVICES","departement":"HAUTS DE SEINE"}},{"type":"Feature","geometry":{"type":"Point","coordinates":[-0.4433123866597163,47.34945713577281]},"properties":{"finess":"490022696","nom":"SAAD MILLEPATTE","departement":"MAINE ET LOIRE"}},{"type":"Feature","geometry":{"type":"Point","coordinates":[1.454084154411653,43.62334420448304]},"properties":{"finess":"310031083","nom":"SAA DOMITYS LES PAGELLES","departement":"HAUTE GARONNE"}},{"type":"Feature","geometry":{"type":"Point","coordinates":[3.23375473474169,50.33137339919089]},"properties":{"finess":"590054383","nom":"SAD LA SABED","departement":"NORD"}},{"type":"Feature","geometry":{"type":"Point","coordinates":[-1.61810880488134,46.46779614107842]},"properties":{"finess":"850028754","nom":"SAAD ASSISTANCE A DOM","departement":"VENDEE"}},{"type":"Feature","geometry":{"type":"Point","coordinates":[4.062528831667097,46.03744844607457]},"properties":{"finess":"420011173","nom":"SAAD ASS GENERALE  FAMILLES DE ROANNE","departement":"LOIRE"}},{"type":"Feature","geometry":{"type":"Point","coordinates":[4.840425974948839,45.89783836537578]},"properties":{"finess":"690055025","nom":"AIN DOMICILE SERVICES","departement":"RHONE"}},{"type":"Feature","geometry":{"type":"Point","coordinates":[5.205609638142786,46.18266515858453]},"properties":{"finess":"010007193","nom":"AIN DOMICILE SERVICES","departement":"AIN"}},{"type":"Feature","geometry":{"type":"Point","coordinates":[0.07870323380638067,48.42708104956121]},"properties":{"finess":"610007437","nom":"SAD FEDERATION DEP ASS ADMR DE L'ORNE","departement":"ORNE"}},{"type":"Feature","geometry":{"type":"Point","coordinates":[7.174815156631827,43.76148143703198]},"properties":{"finess":"060027612","nom":"SAAD AIDE ET BIEN ETRE","departement":"ALPES MARITIMES"}},{"type":"Feature","geometry":{"type":"Point","coordinates":[2.736824415912166,42.69842715481337]},"properties":{"finess":"660011552","nom":"SAAD AIDOMIS","departement":"PYRENEES ORIENTALES"}},{"type":"Feature","geometry":{"type":"Point","coordinates":[0.2342908969316522,49.420265355835]},"properties":{"finess":"140006685","nom":"SAD CCAS HONFLEUR","departement":"CALVADOS"}},{"type":"Feature","geometry":{"type":"Point","coordinates":[2.481652584529444,46.72639487095064]},"properties":{"finess":"180004806","nom":"SERVICE AIDE PERSONNES AGEES","departement":"CHER"}},{"type":"Feature","geometry":{"type":"Point","coordinates":[2.246409933849323,48.9067163539338]},"properties":{"finess":"920003357","nom":"SAD CCAS LA GARENNE COLOMBES","departement":"HAUTS DE SEINE"}},{"type":"Feature","geometry":{"type":"Point","coordinates":[4.075570912657135,48.29460777168863]},"properties":{"finess":"100003524","nom":"SAAD ADAD","departement":"AUBE"}},{"type":"Feature","geometry":{"type":"Point","coordinates":[2.580263720524977,44.34303913815866]},"properties":{"finess":"120008297","nom":"SAAD AUTISME AVEYRON SAP","departement":"AVEYRON"}},{"type":"Feature","geometry":{"type":"Point","coordinates":[2.299142387599848,48.84552612529284]},"properties":{"finess":"750060428","nom":"SAD QUALITE 15","departement":"PARIS"}},{"type":"Feature","geometry":{"type":"Point","coordinates":[4.810401322149649,45.71641228090895]},"properties":{"finess":"690046222","nom":"SAAD MIMA OULLINS","departement":"RHONE"}},{"type":"Feature","geometry":{"type":"Point","coordinates":[4.804149773502502,45.73679318280488]},"properties":{"finess":"690048004","nom":"SAAD MIMA SAINTE FOY LES LYON","departement":"RHONE"}},{"type":"Feature","geometry":{"type":"Point","coordinates":[6.327310623840823,46.30046139610051]},"properties":{"finess":"740008743","nom":"SERVICE A DOMICILE DU CIAS THONON AGGL","departement":"HAUTE SAVOIE"}},{"type":"Feature","geometry":{"type":"Point","coordinates":[2.296394626529901,48.80510167186223]},"properties":{"finess":"920003266","nom":"SAD CCAS DE CHATILLION","departement":"HAUTS DE SEINE"}},{"type":"Feature","geometry":{"type":"Point","coordinates":[2.532392549543033,48.71992601577004]},"properties":{"finess":"940025414","nom":"SAAD APYDOM","departement":"VAL DE MARNE"}},{"type":"Feature","geometry":{"type":"Point","coordinates":[3.216138188603725,43.34484294557547]},"properties":{"finess":"340025394","nom":"SAAD \"O2\"","departement":"HERAULT"}},{"type":"Feature","geometry":{"type":"Point","coordinates":[1.432908376133123,43.62874936113506]},"properties":{"finess":"310030416","nom":"SAAD SERENITE CHEZ VOUS","departement":"HAUTE GARONNE"}},{"type":"Feature","geometry":{"type":"Point","coordinates":[-2.767040752002669,48.49205543092064]},"properties":{"finess":"220009609","nom":"SAAD PLOUFRAGAN ARMOR AGGLOMERATION","departement":"COTES D ARMOR"}},{"type":"Feature","geometry":{"type":"Point","coordinates":[3.05210802394621,50.65862677481218]},"properties":{"finess":"590036836","nom":"SAD INITIATIVES ADEF","departement":"NORD"}},{"type":"Feature","geometry":{"type":"Point","coordinates":[-1.71625510521026,48.1223917130692]},"properties":{"finess":"350041711","nom":"SAAD ASSIA RESEAU UNA RENNES","departement":"ILLE ET VILAINE"}},{"type":"Feature","geometry":{"type":"Point","coordinates":[5.834614448920981,48.20947131800875]},"properties":{"finess":"880005780","nom":"SAAD ASSOC ADMR DE BULGNEVILLE","departement":"VOSGES"}},{"type":"Feature","geometry":{"type":"Point","coordinates":[5.833349608611791,48.30274672182416]},"properties":{"finess":"880005863","nom":"SAAD ASSOC ADMR DE CHATENOIS","departement":"VOSGES"}},{"type":"Feature","geometry":{"type":"Point","coordinates":[5.68288450143278,48.40786294059387]},"properties":{"finess":"880008834","nom":"SAAD ASSOC ADMR DE COUSSEY","departement":"VOSGES"}},{"type":"Feature","geometry":{"type":"Point","coordinates":[6.209770608044256,48.17946025134959]},"properties":{"finess":"880006010","nom":"SAAD ASSOC ADMR DE DOMPAIRE","departement":"VOSGES"}},{"type":"Feature","geometry":{"type":"Point","coordinates":[5.779228199197999,48.07104173185702]},"properties":{"finess":"880006051","nom":"SAAD ASSOC ADMR DE LAMARCHE","departement":"VOSGES"}},{"type":"Feature","geometry":{"type":"Point","coordinates":[5.581846168653324,48.31703358401444]},"properties":{"finess":"880008875","nom":"SAAD ASSOC ADMR DE LIFFOL LE GRAND","departement":"VOSGES"}},{"type":"Feature","geometry":{"type":"Point","coordinates":[6.13155723514694,48.30266815304488]},"properties":{"finess":"880005624","nom":"SAAD ASSOC ADMR DE MIRECOURT","departement":"VOSGES"}},{"type":"Feature","geometry":{"type":"Point","coordinates":[5.973355969370035,48.03257288237041]},"properties":{"finess":"880005632","nom":"SAAD ASSOC ADMR DE MONTHUREUX","departement":"VOSGES"}},{"type":"Feature","geometry":{"type":"Point","coordinates":[5.946498974480294,48.20304342062848]},"properties":{"finess":"880008883","nom":"SAAD ASSOC ADMR DE VITTEL","departement":"VOSGES"}},{"type":"Feature","geometry":{"type":"Point","coordinates":[5.681625385206105,48.35539219717937]},"properties":{"finess":"880008859","nom":"SAAD ASSOC ADMR NEUFCHATEAU","departement":"VOSGES"}},{"type":"Feature","geometry":{"type":"Point","coordinates":[6.839498620645823,47.96352658853326]},"properties":{"finess":"880005947","nom":"SAAD ASSOC ADMR DE CORNIMONT","departement":"VOSGES"}},{"type":"Feature","geometry":{"type":"Point","coordinates":[6.874711670527088,48.00650339519801]},"properties":{"finess":"880005715","nom":"SAAD ASSOC ADMR DE LA BRESSE","departement":"VOSGES"}},{"type":"Feature","geometry":{"type":"Point","coordinates":[6.671719529789813,48.02521867825511]},"properties":{"finess":"880005772","nom":"SAAD ASSOC ADMR DE SAINT-AME","departement":"VOSGES"}},{"type":"Feature","geometry":{"type":"Point","coordinates":[6.718892176276201,48.00818622989304]},"properties":{"finess":"880005897","nom":"SAAD ASSOC ADMR DE VAGNEY","departement":"VOSGES"}},{"type":"Feature","geometry":{"type":"Point","coordinates":[6.484211213923079,47.92629397427488]},"properties":{"finess":"880005913","nom":"SAAD ASSOC ADMR DU VAL D'AJOL","departement":"VOSGES"}},{"type":"Feature","geometry":{"type":"Point","coordinates":[6.44263687212171,48.0148683709766]},"properties":{"finess":"880005707","nom":"SAAD ASSOC ADMR PLOMBIERES LES BAINS","departement":"VOSGES"}},{"type":"Feature","geometry":{"type":"Point","coordinates":[6.661551333594827,47.92518517941079]},"properties":{"finess":"880005764","nom":"SAAD ASSOC ADMR RUPT SUR MOSELLE","departement":"VOSGES"}},{"type":"Feature","geometry":{"type":"Point","coordinates":[6.774443130515674,47.94958766145384]},"properties":{"finess":"880005830","nom":"SAAD ASSOC ADMR SAULXURES S/MOSELOTTE","departement":"VOSGES"}},{"type":"Feature","geometry":{"type":"Point","coordinates":[6.763573045430508,47.88020235726366]},"properties":{"finess":"880005855","nom":"SAAD ASSOC ADMR. DU THILLOT","departement":"VOSGES"}},{"type":"Feature","geometry":{"type":"Point","coordinates":[7.066523018550888,48.24540413058082]},"properties":{"finess":"880005673","nom":"SAAD ADMR LE VAL DE GALILEE","departement":"VOSGES"}},{"type":"Feature","geometry":{"type":"Point","coordinates":[6.947132519911902,48.18591578930692]},"properties":{"finess":"880005616","nom":"SAAD ASSOC ADMR D'ANOULD","departement":"VOSGES"}},{"type":"Feature","geometry":{"type":"Point","coordinates":[6.724056894417748,48.20691768279015]},"properties":{"finess":"880005756","nom":"SAAD ASSOC ADMR DE BRUYERES","departement":"VOSGES"}},{"type":"Feature","geometry":{"type":"Point","coordinates":[6.881292529569795,48.1717263128175]},"properties":{"finess":"880005905","nom":"SAAD ASSOC ADMR DE CORCIEUX","departement":"VOSGES"}},{"type":"Feature","geometry":{"type":"Point","coordinates":[6.882255577617402,48.07562067285956]},"properties":{"finess":"880008842","nom":"SAAD ASSOC ADMR DE GERARDMER","departement":"VOSGES"}},{"type":"Feature","geometry":{"type":"Point","coordinates":[6.84075449411308,48.40501724253045]},"properties":{"finess":"880005731","nom":"SAAD ASSOC ADMR DE RAON L'ETAPE","departement":"VOSGES"}},{"type":"Feature","geometry":{"type":"Point","coordinates":[6.951917737855072,48.28632631494114]},"properties":{"finess":"880008867","nom":"SAAD ASSOC ADMR DE ST DIE DES VOSGES","departement":"VOSGES"}},{"type":"Feature","geometry":{"type":"Point","coordinates":[6.888680024380825,48.31953937719474]},"properties":{"finess":"880005806","nom":"SAAD ASSOC ADMR ST MICHEL SUR MEURTHE","departement":"VOSGES"}},{"type":"Feature","geometry":{"type":"Point","coordinates":[6.91529827024885,48.37895118598632]},"properties":{"finess":"880005657","nom":"SAAD ASSOC ADMR VALLEE DU RABODEAU","departement":"VOSGES"}},{"type":"Feature","geometry":{"type":"Point","coordinates":[6.293711910647996,48.37199045191618]},"properties":{"finess":"880008685","nom":"SAAD ASSOC ADMR CHARMES","departement":"VOSGES"}},{"type":"Feature","geometry":{"type":"Point","coordinates":[6.567236524814536,48.10846698332316]},"properties":{"finess":"880005640","nom":"SAAD ASSOC ADMR D'ARCHETTES","departement":"VOSGES"}},{"type":"Feature","geometry":{"type":"Point","coordinates":[6.438580100060713,48.17091441764914]},"properties":{"finess":"880788906","nom":"SAAD ASSOC ADMR D'EPINAL","departement":"VOSGES"}},{"type":"Feature","geometry":{"type":"Point","coordinates":[6.399920865280896,48.10071659453706]},"properties":{"finess":"880005871","nom":"SAAD ASSOC ADMR D'URIMENIL","departement":"VOSGES"}},{"type":"Feature","geometry":{"type":"Point","coordinates":[6.600872752303808,48.2476153956323]},"properties":{"finess":"880005681","nom":"SAAD ASSOC ADMR DE PADOUX","departement":"VOSGES"}},{"type":"Feature","geometry":{"type":"Point","coordinates":[6.635483017634853,48.34636926009023]},"properties":{"finess":"880005723","nom":"SAAD ASSOC ADMR DE RAMBERVILLERS","departement":"VOSGES"}},{"type":"Feature","geometry":{"type":"Point","coordinates":[6.384167395290063,48.30598731467543]},"properties":{"finess":"880005921","nom":"SAAD ASSOC ADMR DE VAXONCOURT","departement":"VOSGES"}},{"type":"Feature","geometry":{"type":"Point","coordinates":[6.401299189759854,48.04383515627341]},"properties":{"finess":"880008891","nom":"SAAD ASSOC ADMR DE XERTIGNY","departement":"VOSGES"}},{"type":"Feature","geometry":{"type":"Point","coordinates":[6.610336794939356,48.09224600393389]},"properties":{"finess":"880005814","nom":"SAAD ASSOC ADMR SAINT NABORD","departement":"VOSGES"}},{"type":"Feature","geometry":{"type":"Point","coordinates":[5.382891241215933,43.28365076919162]},"properties":{"finess":"130048929","nom":"SAAD AZURDOM","departement":"BOUCHES DU RHONE"}},{"type":"Feature","geometry":{"type":"Point","coordinates":[2.215897903549336,48.86625431129614]},"properties":{"finess":"920031424","nom":"SAD VIE PROX - AGE D OR SERVICES","departement":"HAUTS DE SEINE"}},{"type":"Feature","geometry":{"type":"Point","coordinates":[6.773891043975245,43.42630021727759]},"properties":{"finess":"830024519","nom":"SAAD DOMITYS LA PALOMBINE","departement":"VAR"}},{"type":"Feature","geometry":{"type":"Point","coordinates":[6.759589496554722,43.43809501875202]},"properties":{"finess":"830024535","nom":"SAAD DOMITYS LES COTEAUX DE L'ESTEREL","departement":"VAR"}},{"type":"Feature","geometry":{"type":"Point","coordinates":[4.984993113341892,43.51400858538845]},"properties":{"finess":"130793482","nom":"SAAD CCAS ISTRES","departement":"BOUCHES DU RHONE"}},{"type":"Feature","geometry":{"type":"Point","coordinates":[1.420782754942395,48.8662034128463]},"properties":{"finess":"270026826","nom":"SAD ASS EZY A DOM'","departement":"EURE"}},{"type":"Feature","geometry":{"type":"Point","coordinates":[5.799430787827974,43.11838870720721]},"properties":{"finess":"830022745","nom":"SAAD QUALISERVICES","departement":"VAR"}},{"type":"Feature","geometry":{"type":"Point","coordinates":[5.794694528689907,45.2078668470196]},"properties":{"finess":"380022798","nom":"AAPPUI ISERE","departement":"ISERE"}},{"type":"Feature","geometry":{"type":"Point","coordinates":[-1.506529557955657,43.49724778681886]},"properties":{"finess":"640020053","nom":"SAAD SERVICES 64","departement":"PYRENEES ATLANTIQUES"}},{"type":"Feature","geometry":{"type":"Point","coordinates":[5.373812469253506,43.29646182897462]},"properties":{"finess":"130038565","nom":"SAAD GENERATIONS SERVICES","departement":"BOUCHES DU RHONE"}},{"type":"Feature","geometry":{"type":"Point","coordinates":[2.468928411900623,48.76274868714079]},"properties":{"finess":"940019441","nom":"SAAD PEPS EMPLOIS FAMILIAUX","departement":"VAL DE MARNE"}},{"type":"Feature","geometry":{"type":"Point","coordinates":[4.782296834836405,45.76483601923018]},"properties":{"finess":"690041595","nom":"SAD O2 LYON MONTS D'OR","departement":"RHONE"}},{"type":"Feature","geometry":{"type":"Point","coordinates":[2.288936594980815,48.69008343540254]},"properties":{"finess":"910023860","nom":"SAAD AUX PETITS SOINS A DOM","departement":"ESSONNE"}},{"type":"Feature","geometry":{"type":"Point","coordinates":[2.295704158957742,49.89432988513556]},"properties":{"finess":"800022154","nom":"SAAD AAD SENIORS SERVICES","departement":"SOMME"}},{"type":"Feature","geometry":{"type":"Point","coordinates":[2.534161407284117,48.96257619120376]},"properties":{"finess":"930001920","nom":"SAAD DE VILLEPINTE","departement":"SEINE SAINT DENIS"}},{"type":"Feature","geometry":{"type":"Point","coordinates":[-52.33342185823078,4.854515314473876]},"properties":{"finess":"970306734","nom":"SAAD GADVF","departement":"GUYANE"}},{"type":"Feature","geometry":{"type":"Point","coordinates":[4.360292167935962,43.8367200006042]},"properties":{"finess":"300018561","nom":"SAAD VIVADOM AUTONOMIE","departement":"GARD"}},{"type":"Feature","geometry":{"type":"Point","coordinates":[2.302457336142442,48.84412899869641]},"properties":{"finess":"750065328","nom":"SAAD DOMIDOM PARIS SUD OUEST","departement":"PARIS"}},{"type":"Feature","geometry":{"type":"Point","coordinates":[-0.3729370609307213,49.18272002141232]},"properties":{"finess":"140030032","nom":"SAD  EURL AOMD SERVICES","departement":"CALVADOS"}},{"type":"Feature","geometry":{"type":"Point","coordinates":[-0.7080806089255569,49.2783257404167]},"properties":{"finess":"140029612","nom":"SAD BAYEUX EURL AOMD SERVICES","departement":"CALVADOS"}},{"type":"Feature","geometry":{"type":"Point","coordinates":[3.280794139142408,50.35958120047652]},"properties":{"finess":"590042586","nom":"SAD DE L'APMG","departement":"NORD"}},{"type":"Feature","geometry":{"type":"Point","coordinates":[0.3371254455580971,46.57821758052503]},"properties":{"finess":"860012467","nom":"SAAD MUTUALITE DE LA VIENNE","departement":"VIENNE"}},{"type":"Feature","geometry":{"type":"Point","coordinates":[0.184386197706455,46.78353082135909]},"properties":{"finess":"860016781","nom":"SAA ADMR DE MIREBEAU","departement":"VIENNE"}},{"type":"Feature","geometry":{"type":"Point","coordinates":[1.18207519554375,49.39610266899452]},"properties":{"finess":"760031294","nom":"SAAD AXEO SERVICES ROUEN-EST","departement":"SEINE MARITIME"}},{"type":"Feature","geometry":{"type":"Point","coordinates":[1.071613688614685,49.92469588314505]},"properties":{"finess":"760034678","nom":"SAAD SERVICAUX PERSONNES (AXÉO) DIEPPE","departement":"SEINE MARITIME"}},{"type":"Feature","geometry":{"type":"Point","coordinates":[4.382649465564826,45.43955538553199]},"properties":{"finess":"420016552","nom":"SAAD PARM","departement":"LOIRE"}},{"type":"Feature","geometry":{"type":"Point","coordinates":[4.084164684584267,44.12139739761091]},"properties":{"finess":"300018850","nom":"SAAD ABEILLES SERVICES","departement":"GARD"}},{"type":"Feature","geometry":{"type":"Point","coordinates":[2.26508230226021,48.84353919082482]},"properties":{"finess":"750075889","nom":"SAA DOMUSVI DOMICILE PARIS 16","departement":"PARIS"}},{"type":"Feature","geometry":{"type":"Point","coordinates":[2.320256099485493,48.87805602828092]},"properties":{"finess":"750075871","nom":"SAA DOMUSVI DOMICILE PARIS 8","departement":"PARIS"}},{"type":"Feature","geometry":{"type":"Point","coordinates":[2.333550972273724,48.89269901781391]},"properties":{"finess":"750075897","nom":"SAA DOMUSI DOMICILE PARIS 18","departement":"PARIS"}},{"type":"Feature","geometry":{"type":"Point","coordinates":[2.331616102966326,48.82976435903758]},"properties":{"finess":"750075715","nom":"SAA DOMUSVI DOMICILE PARIS 14","departement":"PARIS"}},{"type":"Feature","geometry":{"type":"Point","coordinates":[2.272535049062376,48.81166656072695]},"properties":{"finess":"920022902","nom":"SAAD DOMUSVI DOMICILE SITE CLAMART","departement":"HAUTS DE SEINE"}},{"type":"Feature","geometry":{"type":"Point","coordinates":[2.269515132424643,48.91127603186251]},"properties":{"finess":"920040615","nom":"SAAD DOMUSVI DOMICILE BOIS COLOMBES","departement":"HAUTS DE SEINE"}},{"type":"Feature","geometry":{"type":"Point","coordinates":[2.099438580030151,49.04948634873862]},"properties":{"finess":"950044891","nom":"SAAD DOMUSVI DOMICILE 95","departement":"VAL D OISE"}},{"type":"Feature","geometry":{"type":"Point","coordinates":[2.344554226876959,48.98709996349052]},"properties":{"finess":"950034645","nom":"SAAD DOMUSVI DOMICILE GROSLAY","departement":"VAL D OISE"}},{"type":"Feature","geometry":{"type":"Point","coordinates":[0.2057735043133362,48.01487334071123]},"properties":{"finess":"720020668","nom":"SAA LES TEMPLITUDES","departement":"SARTHE"}},{"type":"Feature","geometry":{"type":"Point","coordinates":[-52.32668478507958,4.942796809792101]},"properties":{"finess":"970306890","nom":"SAAD R-A SERVICE","departement":"GUYANE"}},{"type":"Feature","geometry":{"type":"Point","coordinates":[4.036019946314328,46.4111441983835]},"properties":{"finess":"710971706","nom":"SAAD ADMR SAINT YAN","departement":"SAONE ET LOIRE"}},{"type":"Feature","geometry":{"type":"Point","coordinates":[-1.551843680280495,47.29912270737353]},"properties":{"finess":"440060549","nom":"SAAD APEF LA CHAPELLE SUR ERDRE","departement":"LOIRE ATLANTIQUE"}},{"type":"Feature","geometry":{"type":"Point","coordinates":[-2.063070024392979,48.63062318130822]},"properties":{"finess":"350055885","nom":"SAAD DOMITYS LA BELLE EPOQUE","departement":"ILLE ET VILAINE"}},{"type":"Feature","geometry":{"type":"Point","coordinates":[4.8632013350893,45.77133177369942]},"properties":{"finess":"690055561","nom":"AXEO SERVICES LYON VILLEURBANNE","departement":"RHONE"}},{"type":"Feature","geometry":{"type":"Point","coordinates":[4.85921831395428,45.7905886341936]},"properties":{"finess":"690047303","nom":"SAAD AXEO SERVICES CALUIRE","departement":"RHONE"}},{"type":"Feature","geometry":{"type":"Point","coordinates":[4.866068578332014,45.73736432500494]},"properties":{"finess":"690047295","nom":"SAAD AXEO SERVICES LYON SUD","departement":"RHONE"}},{"type":"Feature","geometry":{"type":"Point","coordinates":[1.980040840482998,50.85861469789611]},"properties":{"finess":"620108175","nom":"SAD AIDE AMB ASSAD","departement":"PAS DE CALAIS"}},{"type":"Feature","geometry":{"type":"Point","coordinates":[1.850922900435629,50.94743825479278]},"properties":{"finess":"620018879","nom":"ASSOCIATION AIDE À LA VIE AU DOMICILE","departement":"PAS DE CALAIS"}},{"type":"Feature","geometry":{"type":"Point","coordinates":[3.909643381106979,49.83459663789767]},"properties":{"finess":"020007381","nom":"SAAD SIVOM VERVINS","departement":"AISNE"}},{"type":"Feature","geometry":{"type":"Point","coordinates":[7.268495414164074,43.71095233859192]},"properties":{"finess":"060029097","nom":"SAAD AZUR SANTE PLUS","departement":"ALPES MARITIMES"}},{"type":"Feature","geometry":{"type":"Point","coordinates":[5.298841064338323,46.49877755711881]},"properties":{"finess":"710971748","nom":"SAAD ADMR CUISEAUX","departement":"SAONE ET LOIRE"}},{"type":"Feature","geometry":{"type":"Point","coordinates":[5.598073472954431,43.28830129601081]},"properties":{"finess":"130050305","nom":"SAAD SAGA","departement":"BOUCHES DU RHONE"}},{"type":"Feature","geometry":{"type":"Point","coordinates":[5.657202644500547,46.26128266151856]},"properties":{"finess":"010011948","nom":"SAAD MUTUELLE OYONNAXIENNE","departement":"AIN"}},{"type":"Feature","geometry":{"type":"Point","coordinates":[6.446670645626722,43.54432181674294]},"properties":{"finess":"830026498","nom":"SAAD LA GARANCE","departement":"VAR"}},{"type":"Feature","geometry":{"type":"Point","coordinates":[-1.597220074618083,47.20944083387003]},"properties":{"finess":"440055697","nom":"SAAD RESIDENCE LES TEMPLITUDES","departement":"LOIRE ATLANTIQUE"}},{"type":"Feature","geometry":{"type":"Point","coordinates":[2.306497938584418,48.89846744813875]},"properties":{"finess":"920034360","nom":"SAD ASMADO SERVICES","departement":"HAUTS DE SEINE"}},{"type":"Feature","geometry":{"type":"Point","coordinates":[3.913311386617838,43.61012472444365]},"properties":{"finess":"340023530","nom":"SAAD O2","departement":"HERAULT"}},{"type":"Feature","geometry":{"type":"Point","coordinates":[3.907198843083455,43.57262292789449]},"properties":{"finess":"340024488","nom":"SAAD \"APEF\"","departement":"HERAULT"}},{"type":"Feature","geometry":{"type":"Point","coordinates":[2.125523419213136,48.82696536460472]},"properties":{"finess":"780806287","nom":"SAAD CCAS DU CHESNAY","departement":"YVELINES"}},{"type":"Feature","geometry":{"type":"Point","coordinates":[3.147169450341989,50.72814889665707]},"properties":{"finess":"590053351","nom":"SAD ASSO PARAMED","departement":"NORD"}},{"type":"Feature","geometry":{"type":"Point","coordinates":[-0.575844995212014,48.75008704960327]},"properties":{"finess":"610005613","nom":"SAD FLERS ASS AIDE A DOMICILE ORNE","departement":"ORNE"}},{"type":"Feature","geometry":{"type":"Point","coordinates":[-0.550823060619638,44.86607718340377]},"properties":{"finess":"330060229","nom":"SAA DOMITYS LE MILLESIME","departement":"GIRONDE"}},{"type":"Feature","geometry":{"type":"Point","coordinates":[5.404177518664301,43.31410442922018]},"properties":{"finess":"130055833","nom":"SAAD ASSOCIATION SIMON DE CYRENE","departement":"BOUCHES DU RHONE"}},{"type":"Feature","geometry":{"type":"Point","coordinates":[1.420246894348284,43.64549984714075]},"properties":{"finess":"310004858","nom":"SAAD RESILIENCE OCCITANIE","departement":"HAUTE GARONNE"}},{"type":"Feature","geometry":{"type":"Point","coordinates":[5.940095617105404,43.11913229002201]},"properties":{"finess":"830022901","nom":"SAAD TOULON SERVICES","departement":"VAR"}},{"type":"Feature","geometry":{"type":"Point","coordinates":[-0.5200734825881789,44.87244000945883]},"properties":{"finess":"330026709","nom":"SAAD GCSMS DE LA PRESQU'ILE","departement":"GIRONDE"}},{"type":"Feature","geometry":{"type":"Point","coordinates":[-0.1995066507907449,48.89814693623588]},"properties":{"finess":"140029091","nom":"SAD SARL ADSAD NORMANDIE FALAISE","departement":"CALVADOS"}},{"type":"Feature","geometry":{"type":"Point","coordinates":[4.820871487633229,43.80423861218629]},"properties":{"finess":"130048978","nom":"SAAD ADMR 13 SAINT REMY","departement":"BOUCHES DU RHONE"}},{"type":"Feature","geometry":{"type":"Point","coordinates":[4.62271039807173,44.16304884843291]},"properties":{"finess":"300018652","nom":"SAAD AMARIC","departement":"GARD"}},{"type":"Feature","geometry":{"type":"Point","coordinates":[4.827360290821301,46.30045077086425]},"properties":{"finess":"710015546","nom":"SAA MERESSE A DOMICILE (AXEO SERVICES)","departement":"SAONE ET LOIRE"}},{"type":"Feature","geometry":{"type":"Point","coordinates":[3.940005930397299,50.28601719406792]},"properties":{"finess":"590061446","nom":"DOMITYS LE CARILLON D'OR","departement":"NORD"}},{"type":"Feature","geometry":{"type":"Point","coordinates":[3.516563951312308,50.3668387677784]},"properties":{"finess":"590070611","nom":"SAAD DOMITYS L'ESQUISSE","departement":"NORD"}},{"type":"Feature","geometry":{"type":"Point","coordinates":[3.102551878078163,50.67810713850809]},"properties":{"finess":"590068284","nom":"SAAD DOMITYS L'OLYMPE","departement":"NORD"}},{"type":"Feature","geometry":{"type":"Point","coordinates":[2.537503919710233,50.72080875151941]},"properties":{"finess":"590068276","nom":"SAAD DOMITYS LES CERNEAUX","departement":"NORD"}},{"type":"Feature","geometry":{"type":"Point","coordinates":[2.381785511990182,51.03680127592551]},"properties":{"finess":"590066627","nom":"SAAD LA CANTATE","departement":"NORD"}},{"type":"Feature","geometry":{"type":"Point","coordinates":[1.264477546350564,45.85166944319372]},"properties":{"finess":"870018306","nom":"SAAD ADHAP SERVICES","departement":"HAUTE VIENNE"}},{"type":"Feature","geometry":{"type":"Point","coordinates":[6.611509935251793,43.21512492427139]},"properties":{"finess":"830022091","nom":"SAAD CCAS DE RAMATUELLE","departement":"VAR"}},{"type":"Feature","geometry":{"type":"Point","coordinates":[2.284775872273348,48.8903114004065]},"properties":{"finess":"920035110","nom":"SAD LE TEMPS D AIDER","departement":"HAUTS DE SEINE"}},{"type":"Feature","geometry":{"type":"Point","coordinates":[7.095226252924762,43.62781803151722]},"properties":{"finess":"060788197","nom":"SAAD SERVICE AIDE MENAGERE BIOT","departement":"ALPES MARITIMES"}},{"type":"Feature","geometry":{"type":"Point","coordinates":[2.347274609848874,48.87951132583868]},"properties":{"finess":"750074791","nom":"SAAD ALLIANCE VIE PARIS 11","departement":"PARIS"}},{"type":"Feature","geometry":{"type":"Point","coordinates":[2.529266392172881,42.6449901756971]},"properties":{"finess":"660785338","nom":"SAAD CCAS VINCA","departement":"PYRENEES ORIENTALES"}},{"type":"Feature","geometry":{"type":"Point","coordinates":[3.408084514157015,46.11660819107912]},"properties":{"finess":"030009104","nom":"SAAD ALLIER SERVICES DOMICILE","departement":"ALLIER"}},{"type":"Feature","geometry":{"type":"Point","coordinates":[4.025171796165101,43.66216843257592]},"properties":{"finess":"340026723","nom":"SAAD NETOLOGIS","departement":"HERAULT"}},{"type":"Feature","geometry":{"type":"Point","coordinates":[2.282419633658751,48.91323718748012]},"properties":{"finess":"920033560","nom":"SAD AUXIFAMILY","departement":"HAUTS DE SEINE"}},{"type":"Feature","geometry":{"type":"Point","coordinates":[4.838450794422346,43.92698232157559]},"properties":{"finess":"840021380","nom":"DESTIA","departement":"VAUCLUSE"}},{"type":"Feature","geometry":{"type":"Point","coordinates":[4.806277283150032,44.13803090726933]},"properties":{"finess":"840022883","nom":"DESTIA","departement":"VAUCLUSE"}},{"type":"Feature","geometry":{"type":"Point","coordinates":[4.745956543815126,44.27841797179573]},"properties":{"finess":"840022891","nom":"DESTIA","departement":"VAUCLUSE"}},{"type":"Feature","geometry":{"type":"Point","coordinates":[2.139099755883714,48.82279711626371]},"properties":{"finess":"780026837","nom":"SAAD LE MAJARDOME SENIORS","departement":"YVELINES"}},{"type":"Feature","geometry":{"type":"Point","coordinates":[2.12884673062015,48.80571502293564]},"properties":{"finess":"780027165","nom":"SAAD DESTIA","departement":"YVELINES"}},{"type":"Feature","geometry":{"type":"Point","coordinates":[4.079898736383148,46.03281927022874]},"properties":{"finess":"420016453","nom":"SAD DESTIA ROANNE","departement":"LOIRE"}},{"type":"Feature","geometry":{"type":"Point","coordinates":[4.396025629270298,45.45886068410633]},"properties":{"finess":"420019242","nom":"SAD DESTIA SAINT-ETIENNE","departement":"LOIRE"}},{"type":"Feature","geometry":{"type":"Point","coordinates":[3.109074577041863,45.80508660750208]},"properties":{"finess":"630014546","nom":"SAD DESTIA CLERMONT","departement":"PUY DE DOME"}},{"type":"Feature","geometry":{"type":"Point","coordinates":[2.28503444823304,48.82956511050136]},"properties":{"finess":"920034899","nom":"SAD ASSOCIATION MAJORDOME","departement":"HAUTS DE SEINE"}},{"type":"Feature","geometry":{"type":"Point","coordinates":[7.151014709053056,43.65779578030902]},"properties":{"finess":"060027950","nom":"SAAD LES 4 TREFLES D'AZUR","departement":"ALPES MARITIMES"}},{"type":"Feature","geometry":{"type":"Point","coordinates":[0.07130332440274845,48.44407811515019]},"properties":{"finess":"610009029","nom":"SAD MARIUS","departement":"ORNE"}},{"type":"Feature","geometry":{"type":"Point","coordinates":[2.250948560461305,48.76898106355434]},"properties":{"finess":"920034089","nom":"SAD DOMIDOM EDELYS","departement":"HAUTS DE SEINE"}},{"type":"Feature","geometry":{"type":"Point","coordinates":[2.238262437309448,48.84529068348701]},"properties":{"finess":"920033941","nom":"NOSA SERVICES BIENVEIA","departement":"HAUTS DE SEINE"}},{"type":"Feature","geometry":{"type":"Point","coordinates":[5.002098146461912,45.76375469551572]},"properties":{"finess":"690057294","nom":"SAS A2MICILE LYON EST","departement":"RHONE"}},{"type":"Feature","geometry":{"type":"Point","coordinates":[3.084258050340305,48.81216106180477]},"properties":{"finess":"770812600","nom":"SAAD CCAS","departement":"SEINE ET MARNE"}},{"type":"Feature","geometry":{"type":"Point","coordinates":[2.255804264277868,48.76701107836674]},"properties":{"finess":"920034121","nom":"SAD SYNERGIE","departement":"HAUTS DE SEINE"}},{"type":"Feature","geometry":{"type":"Point","coordinates":[2.287836261869908,48.81931626554986]},"properties":{"finess":"920035839","nom":"SAD PRESENCE SERVICES","departement":"HAUTS DE SEINE"}},{"type":"Feature","geometry":{"type":"Point","coordinates":[3.399339467100662,46.31431739277043]},"properties":{"finess":"030009161","nom":"SAAD ASPAH","departement":"ALLIER"}},{"type":"Feature","geometry":{"type":"Point","coordinates":[3.256111411741728,50.60652089633293]},"properties":{"finess":"590056362","nom":"SAA O2 BAISIEUX","departement":"NORD"}},{"type":"Feature","geometry":{"type":"Point","coordinates":[2.344650953706866,48.87140206391577]},"properties":{"finess":"750038887","nom":"SAAD ARCHIPEL DOMICILE","departement":"PARIS"}},{"type":"Feature","geometry":{"type":"Point","coordinates":[5.21460122663968,43.41688305825847]},"properties":{"finess":"130049034","nom":"SAAD ART DE VIVRE ET BIEN ETRE","departement":"BOUCHES DU RHONE"}},{"type":"Feature","geometry":{"type":"Point","coordinates":[4.377686408894411,46.32388091866766]},"properties":{"finess":"710971813","nom":"SAAD GIBLES DOMPIERRE SAINT BONNET","departement":"SAONE ET LOIRE"}},{"type":"Feature","geometry":{"type":"Point","coordinates":[2.298081385949429,48.9228824056901]},"properties":{"finess":"920034345","nom":"SAD ACEANES SERVICES GENNEVILLIERS","departement":"HAUTS DE SEINE"}},{"type":"Feature","geometry":{"type":"Point","coordinates":[3.902687928261946,43.65889414346046]},"properties":{"finess":"340025741","nom":"SAAD \"APEF\"","departement":"HERAULT"}},{"type":"Feature","geometry":{"type":"Point","coordinates":[4.37430613782996,43.81234425410568]},"properties":{"finess":"300018553","nom":"SAAD PRESENCE 30","departement":"GARD"}},{"type":"Feature","geometry":{"type":"Point","coordinates":[2.429010508709502,48.84648984016916]},"properties":{"finess":"940027543","nom":"SAAD DOMICIBLE SERVICES","departement":"VAL DE MARNE"}},{"type":"Feature","geometry":{"type":"Point","coordinates":[1.824638091359698,50.11488093383709]},"properties":{"finess":"800021701","nom":"SAAD AIDOM PLUS","departement":"SOMME"}},{"type":"Feature","geometry":{"type":"Point","coordinates":[5.407257542739541,43.25564018843009]},"properties":{"finess":"130029168","nom":"SAAD SOLIDARITÉ GÉNÉRATIONS SERVICES","departement":"BOUCHES DU RHONE"}},{"type":"Feature","geometry":{"type":"Point","coordinates":[5.441913798145642,45.76331205733333]},"properties":{"finess":"380023044","nom":"SAAD MANDARINE SERVICES","departement":"ISERE"}},{"type":"Feature","geometry":{"type":"Point","coordinates":[5.285303442062251,45.83864542180342]},"properties":{"finess":"010012086","nom":"SAAD MANDARINE SERVICES","departement":"AIN"}},{"type":"Feature","geometry":{"type":"Point","coordinates":[4.880943280281207,45.70185129956945]},"properties":{"finess":"690046925","nom":"SAAD AIDE ET BIEN ETRE","departement":"RHONE"}},{"type":"Feature","geometry":{"type":"Point","coordinates":[1.47322897121848,48.42771533058796]},"properties":{"finess":"280008285","nom":"SAAD APEF SERVICES","departement":"EURE ET LOIR"}},{"type":"Feature","geometry":{"type":"Point","coordinates":[4.516644003240554,46.21944204312753]},"properties":{"finess":"690055512","nom":"SAAD RESIDENCE AGE ET VIE","departement":"RHONE"}},{"type":"Feature","geometry":{"type":"Point","coordinates":[4.338141963387869,45.97098331236889]},"properties":{"finess":"690056684","nom":"SAAD RESIDENCE AGES ET VIE","departement":"RHONE"}},{"type":"Feature","geometry":{"type":"Point","coordinates":[4.37446261890385,46.64763142423209]},"properties":{"finess":"710016668","nom":"SAAD AGES ET VIE SERVICES","departement":"SAONE ET LOIRE"}},{"type":"Feature","geometry":{"type":"Point","coordinates":[4.637295930393078,46.84773646421574]},"properties":{"finess":"710016023","nom":"SAAD MAISON AGES & VIE ST LEGER/DHEUNE","departement":"SAONE ET LOIRE"}},{"type":"Feature","geometry":{"type":"Point","coordinates":[4.357365158875142,46.83722623731811]},"properties":{"finess":"710016015","nom":"SAAD SIS MAISON AGE ET VIE DE MARMAGNE","departement":"SAONE ET LOIRE"}},{"type":"Feature","geometry":{"type":"Point","coordinates":[-0.4786744320105465,46.84548174327491]},"properties":{"finess":"790021125","nom":"SAA AGES ET VIE BRESSUIRE","departement":"DEUX SEVRES"}},{"type":"Feature","geometry":{"type":"Point","coordinates":[2.191829003843098,48.70395577044405]},"properties":{"finess":"910023993","nom":"SAAD ALLIANCE VIE ORSAY","departement":"ESSONNE"}},{"type":"Feature","geometry":{"type":"Point","coordinates":[2.29530634442179,48.69769580357291]},"properties":{"finess":"910023845","nom":"SAAD ESSONNES SERVICES LONGJUMEAU","departement":"ESSONNE"}},{"type":"Feature","geometry":{"type":"Point","coordinates":[-4.659513722770342,48.54149685908717]},"properties":{"finess":"290037126","nom":"SAAD ABER BENOIT SERVICES 29","departement":"FINISTERE"}},{"type":"Feature","geometry":{"type":"Point","coordinates":[5.382663510337222,43.27751264832168]},"properties":{"finess":"130048374","nom":"SAAD DOMIDOM SERVICES MARSEILLE","departement":"BOUCHES DU RHONE"}},{"type":"Feature","geometry":{"type":"Point","coordinates":[3.063680588226404,50.61997400325881]},"properties":{"finess":"590055877","nom":"SAD COCOONING SERVICES LILLE","departement":"NORD"}},{"type":"Feature","geometry":{"type":"Point","coordinates":[6.054254640127099,48.90323163640494]},"properties":{"finess":"540024643","nom":"SAAD 02 PONT A MOUSSON","departement":"MEURTHE ET MOSELLE"}},{"type":"Feature","geometry":{"type":"Point","coordinates":[-1.654724384146822,48.12002742408839]},"properties":{"finess":"350042909","nom":"SAAD ARC EN REVE","departement":"ILLE ET VILAINE"}},{"type":"Feature","geometry":{"type":"Point","coordinates":[0.2456254080709179,46.6808539106336]},"properties":{"finess":"860016880","nom":"SAA ADMR NEUVILLOIS","departement":"VIENNE"}},{"type":"Feature","geometry":{"type":"Point","coordinates":[0.2629005789418996,46.42861155457422]},"properties":{"finess":"860017169","nom":"SAA ADMR DE VIVONNE","departement":"VIENNE"}},{"type":"Feature","geometry":{"type":"Point","coordinates":[0.3129375807380881,46.15778324582898]},"properties":{"finess":"860016344","nom":"SAA ADMR DE SAVIGNE","departement":"VIENNE"}},{"type":"Feature","geometry":{"type":"Point","coordinates":[0.7653802373539842,46.7368056044381]},"properties":{"finess":"860016948","nom":"SAA ADMR DE PLEUMARTIN","departement":"VIENNE"}},{"type":"Feature","geometry":{"type":"Point","coordinates":[4.890922748830731,44.92874083853431]},"properties":{"finess":"260022108","nom":"GENERALE DES SERVICES","departement":"DROME"}},{"type":"Feature","geometry":{"type":"Point","coordinates":[2.607185432270248,46.34003806482799]},"properties":{"finess":"030009484","nom":"SARL ADAM - ADHAP","departement":"ALLIER"}},{"type":"Feature","geometry":{"type":"Point","coordinates":[-0.7082015340044304,49.28085176760527]},"properties":{"finess":"140034950","nom":"SAAD AD SISTO - ADHAP","departement":"CALVADOS"}},{"type":"Feature","geometry":{"type":"Point","coordinates":[-0.3795279312537479,49.20151136309473]},"properties":{"finess":"140029414","nom":"SAD CAEN SARL AD SISTO","departement":"CALVADOS"}},{"type":"Feature","geometry":{"type":"Point","coordinates":[5.261442775374331,45.88031399387485]},"properties":{"finess":"010011989","nom":"SAAD LES JARDINS DE MONAL CHAZEY","departement":"AIN"}},{"type":"Feature","geometry":{"type":"Point","coordinates":[5.290059349405169,46.00198785569323]},"properties":{"finess":"010012763","nom":"SAAD LES JARDINS DE MONAL PRIAY","departement":"AIN"}},{"type":"Feature","geometry":{"type":"Point","coordinates":[55.48543518099562,-20.88696855427053]},"properties":{"finess":"970411724","nom":"SAAD - COEUR SOCIAL 974","departement":"LA REUNION"}},{"type":"Feature","geometry":{"type":"Point","coordinates":[2.360079496991419,48.77697277393615]},"properties":{"finess":"940027865","nom":"SAAD LA VIE TRANQUILLE","departement":"VAL DE MARNE"}},{"type":"Feature","geometry":{"type":"Point","coordinates":[2.2790406281257,48.89289855287253]},"properties":{"finess":"920036274","nom":"SAD MAISON D HARMONIA","departement":"HAUTS DE SEINE"}},{"type":"Feature","geometry":{"type":"Point","coordinates":[0.9166866142046687,47.32236973175966]},"properties":{"finess":"370014664","nom":"SAAD AGE & VIE SERVICES ATHEE SUR CHER","departement":"INDRE ET LOIRE"}},{"type":"Feature","geometry":{"type":"Point","coordinates":[0.3851547074981825,47.42630655653177]},"properties":{"finess":"370015695","nom":"SAAD AGE & VIE SERVICES CLERE LES PINS","departement":"INDRE ET LOIRE"}},{"type":"Feature","geometry":{"type":"Point","coordinates":[3.664812886165303,49.52434674788713]},"properties":{"finess":"020019006","nom":"SAAD AGES ET VIE - BRUYERES","departement":"AISNE"}},{"type":"Feature","geometry":{"type":"Point","coordinates":[3.446715472920356,49.48815941043197]},"properties":{"finess":"020018982","nom":"SAAD AGES ET VIE - PINON","departement":"AISNE"}},{"type":"Feature","geometry":{"type":"Point","coordinates":[2.011173086991562,48.53167997592866]},"properties":{"finess":"910024439","nom":"SAAD EMPLOIS DU TEMPS DOURDAN","departement":"ESSONNE"}},{"type":"Feature","geometry":{"type":"Point","coordinates":[1.826222428299474,48.64330142332493]},"properties":{"finess":"780027298","nom":"SAAD EMPLOIS DU TEMPS - TOUT A DOM SCE","departement":"YVELINES"}},{"type":"Feature","geometry":{"type":"Point","coordinates":[-0.5492558581810191,44.86546310439768]},"properties":{"finess":"330063181","nom":"SAAD UNICARE SERVICES","departement":"GIRONDE"}},{"type":"Feature","geometry":{"type":"Point","coordinates":[3.864784882347597,43.59804482372064]},"properties":{"finess":"340026079","nom":"SAAD A VOS COTES","departement":"HERAULT"}},{"type":"Feature","geometry":{"type":"Point","coordinates":[4.120600425677535,43.67721192132511]},"properties":{"finess":"340029271","nom":"SAD \"A VOS COTES\"","departement":"HERAULT"}},{"type":"Feature","geometry":{"type":"Point","coordinates":[3.326934547675688,49.37634264003232]},"properties":{"finess":"020017927","nom":"SAAD DOM'AISNE SERVICES","departement":"AISNE"}},{"type":"Feature","geometry":{"type":"Point","coordinates":[55.3369737761107,-20.92852401292669]},"properties":{"finess":"970412888","nom":"SAAD PREST'ÂGES","departement":"LA REUNION"}},{"type":"Feature","geometry":{"type":"Point","coordinates":[5.042724842684763,43.8351947133192]},"properties":{"finess":"840022974","nom":"SAAD AZAE CAVAILLON","departement":"VAUCLUSE"}},{"type":"Feature","geometry":{"type":"Point","coordinates":[4.754200001922159,44.29697076202513]},"properties":{"finess":"840021901","nom":"SAAD AZAE BOLLENE","departement":"VAUCLUSE"}},{"type":"Feature","geometry":{"type":"Point","coordinates":[5.503827270025246,43.6912583598035]},"properties":{"finess":"840022982","nom":"SAAD AZAE PERTUIS","departement":"VAUCLUSE"}},{"type":"Feature","geometry":{"type":"Point","coordinates":[4.922009442374026,44.9255642282659]},"properties":{"finess":"260020474","nom":"DESTIA","departement":"DROME"}},{"type":"Feature","geometry":{"type":"Point","coordinates":[3.324703390417478,49.37093564682678]},"properties":{"finess":"020016762","nom":"SAAD AGE D'OR SERVICES SOISSONS","departement":"AISNE"}},{"type":"Feature","geometry":{"type":"Point","coordinates":[6.126363440427533,49.27115032709005]},"properties":{"finess":"570030973","nom":"SAD ADMR DES RIVES DE MOSELLE","departement":"MOSELLE"}},{"type":"Feature","geometry":{"type":"Point","coordinates":[6.126363440427533,49.27115032709005]},"properties":{"finess":"570026039","nom":"SAD ADMR DU PAYS DE L'ORNE","departement":"MOSELLE"}},{"type":"Feature","geometry":{"type":"Point","coordinates":[6.165842878505602,49.12410703665444]},"properties":{"finess":"570026021","nom":"SAD ADMR DU PAYS MESSIN","departement":"MOSELLE"}},{"type":"Feature","geometry":{"type":"Point","coordinates":[6.022324533570749,49.31446039881052]},"properties":{"finess":"570022020","nom":"SAD ADMR NET HOME","departement":"MOSELLE"}},{"type":"Feature","geometry":{"type":"Point","coordinates":[6.126363440427533,49.27115032709005]},"properties":{"finess":"570026047","nom":"SAD ADMR PORTES DE FRANCE","departement":"MOSELLE"}},{"type":"Feature","geometry":{"type":"Point","coordinates":[6.165842878505602,49.12410703665444]},"properties":{"finess":"570029363","nom":"SAD FEDERATION ADMR DE LA MOSELLE","departement":"MOSELLE"}},{"type":"Feature","geometry":{"type":"Point","coordinates":[-0.666169223541858,44.8287197879362]},"properties":{"finess":"330062811","nom":"SAAD APEF SERVICES","departement":"GIRONDE"}},{"type":"Feature","geometry":{"type":"Point","coordinates":[-1.852335540637172,48.6750566613788]},"properties":{"finess":"350034237","nom":"SAAD CCAS CANCALE","departement":"ILLE ET VILAINE"}},{"type":"Feature","geometry":{"type":"Point","coordinates":[-1.51532228363009,43.48059133661675]},"properties":{"finess":"640020020","nom":"SAAD NID'DOM ANGLET","departement":"PYRENEES ATLANTIQUES"}},{"type":"Feature","geometry":{"type":"Point","coordinates":[5.275925834413339,45.5894291262822]},"properties":{"finess":"380025916","nom":"SAAD L'EXCELLENCE DE L'AIDE A DOMICILE","departement":"ISERE"}},{"type":"Feature","geometry":{"type":"Point","coordinates":[2.106891480107086,49.04440834900682]},"properties":{"finess":"950014340","nom":"SAD CCAS ST OUEN L'AUMÔNE","departement":"VAL D OISE"}},{"type":"Feature","geometry":{"type":"Point","coordinates":[2.740264338355423,50.51179528071113]},"properties":{"finess":"620030080","nom":"AZAE BETHUNE - SIÈGE","departement":"PAS DE CALAIS"}},{"type":"Feature","geometry":{"type":"Point","coordinates":[1.858616028874527,50.94654526929773]},"properties":{"finess":"620038984","nom":"AZAE BÉTHUNE - AGENCE CALAIS","departement":"PAS DE CALAIS"}},{"type":"Feature","geometry":{"type":"Point","coordinates":[2.257660651245242,50.75017622257833]},"properties":{"finess":"620037184","nom":"AZAE BÉTHUNE - AGENCE SAINT OMER","departement":"PAS DE CALAIS"}},{"type":"Feature","geometry":{"type":"Point","coordinates":[1.383156575755145,50.05903875572715]},"properties":{"finess":"760799643","nom":"SAAD CCAS LE TREPORT","departement":"SEINE MARITIME"}},{"type":"Feature","geometry":{"type":"Point","coordinates":[4.906278377873114,45.82048315123023]},"properties":{"finess":"690047840","nom":"SAAD LA MAISON BLEUE","departement":"RHONE"}},{"type":"Feature","geometry":{"type":"Point","coordinates":[2.906815548366381,42.68482267150424]},"properties":{"finess":"660010596","nom":"SAAD A NOSTRA CASA","departement":"PYRENEES ORIENTALES"}},{"type":"Feature","geometry":{"type":"Point","coordinates":[5.086020448023931,44.96352403664674]},"properties":{"finess":"260020946","nom":"LE TOURNIOL","departement":"DROME"}},{"type":"Feature","geometry":{"type":"Point","coordinates":[8.735930783963987,41.92918132375044]},"properties":{"finess":"2A0004974","nom":"SAAD STELLA AIDE AUX FAMILLES","departement":"CORSE DU SUD"}},{"type":"Feature","geometry":{"type":"Point","coordinates":[2.130018538281386,48.84109434732495]},"properties":{"finess":"780026159","nom":"SAAD BEBEDOM","departement":"YVELINES"}},{"type":"Feature","geometry":{"type":"Point","coordinates":[55.69966684888999,-21.01172683934605]},"properties":{"finess":"970412060","nom":"SAAD - VIVARUN SAP","departement":"LA REUNION"}},{"type":"Feature","geometry":{"type":"Point","coordinates":[-0.5768486926153851,44.83724997465058]},"properties":{"finess":"330059148","nom":"SAAD APR SERVICES BORDEAUX","departement":"GIRONDE"}},{"type":"Feature","geometry":{"type":"Point","coordinates":[7.071029390865442,49.10808502240224]},"properties":{"finess":"570028845","nom":"SAD DESTIA","departement":"MOSELLE"}},{"type":"Feature","geometry":{"type":"Point","coordinates":[6.710547132142125,49.11984005158689]},"properties":{"finess":"570028878","nom":"SAD DESTIA","departement":"MOSELLE"}},{"type":"Feature","geometry":{"type":"Point","coordinates":[2.90695315035211,50.68942495346454]},"properties":{"finess":"590792941","nom":"SCE D'AIDE A DOMICILE","departement":"NORD"}},{"type":"Feature","geometry":{"type":"Point","coordinates":[6.498290377702606,44.56317192025906]},"properties":{"finess":"050008234","nom":"SAAD CCAS EMBRUN","departement":"HAUTES ALPES"}},{"type":"Feature","geometry":{"type":"Point","coordinates":[2.245493560432475,48.90075886248432]},"properties":{"finess":"920039518","nom":"SAA VITALLIANCE SITE COURBEVOIE","departement":"HAUTS DE SEINE"}},{"type":"Feature","geometry":{"type":"Point","coordinates":[2.316944818686713,48.7777817662045]},"properties":{"finess":"920044625","nom":"SAA VITALLIANCE","departement":"HAUTS DE SEINE"}},{"type":"Feature","geometry":{"type":"Point","coordinates":[2.243205343199393,48.83267772103144]},"properties":{"finess":"920044658","nom":"VITALLIANCE","departement":"HAUTS DE SEINE"}},{"type":"Feature","geometry":{"type":"Point","coordinates":[-3.36674599592832,47.74620309860571]},"properties":{"finess":"560030074","nom":"SAAD VIVA SERVICES LORIENT","departement":"MORBIHAN"}},{"type":"Feature","geometry":{"type":"Point","coordinates":[0.3591406419426151,46.66243059284084]},"properties":{"finess":"860015189","nom":"SAAD VIVASERVICES","departement":"VIENNE"}},{"type":"Feature","geometry":{"type":"Point","coordinates":[4.013872401613103,43.66036211673594]},"properties":{"finess":"340025352","nom":"SAAD 1001-SERVICES.COM","departement":"HERAULT"}},{"type":"Feature","geometry":{"type":"Point","coordinates":[2.044934779625371,48.92894627856105]},"properties":{"finess":"780024626","nom":"SAAD O2 POISSY","departement":"YVELINES"}},{"type":"Feature","geometry":{"type":"Point","coordinates":[-0.5980994355141412,44.84653506380496]},"properties":{"finess":"330063231","nom":"SAAD DOMUSVI DOMICILE 33","departement":"GIRONDE"}},{"type":"Feature","geometry":{"type":"Point","coordinates":[5.624062401464977,43.47960861712784]},"properties":{"finess":"130056336","nom":"SAA CAP'SEBIKI","departement":"BOUCHES DU RHONE"}},{"type":"Feature","geometry":{"type":"Point","coordinates":[5.410523465418939,46.03880858852921]},"properties":{"finess":"010012813","nom":"SAAD LES FEES DU SOIN","departement":"AIN"}},{"type":"Feature","geometry":{"type":"Point","coordinates":[7.226219608207854,43.85883630368963]},"properties":{"finess":"060027505","nom":"SAAD CCAS LEVENS","departement":"ALPES MARITIMES"}},{"type":"Feature","geometry":{"type":"Point","coordinates":[2.740303856680631,46.29382556594334]},"properties":{"finess":"030784367","nom":"CCAS SAAD COMMENTRY","departement":"ALLIER"}},{"type":"Feature","geometry":{"type":"Point","coordinates":[3.253373706224544,50.1747662836737]},"properties":{"finess":"590061024","nom":"DOMITYS LE PARC DE SAINT CLOUD","departement":"NORD"}},{"type":"Feature","geometry":{"type":"Point","coordinates":[5.260986792807598,46.88671960180948]},"properties":{"finess":"710971847","nom":"SAAD ADMR PIERRE DE BRESSE","departement":"SAONE ET LOIRE"}},{"type":"Feature","geometry":{"type":"Point","coordinates":[7.331821696803441,43.70807244042113]},"properties":{"finess":"060788205","nom":"SAAD CCAS BEAULIEU SUR MER","departement":"ALPES MARITIMES"}},{"type":"Feature","geometry":{"type":"Point","coordinates":[2.234182467975899,48.87785111644123]},"properties":{"finess":"920035797","nom":"SAD AGIDOM - DOM SERVICES ET DOMICILE","departement":"HAUTS DE SEINE"}},{"type":"Feature","geometry":{"type":"Point","coordinates":[7.090567341287384,43.57382800578471]},"properties":{"finess":"060028453","nom":"SAAD APPORT TEMPS","departement":"ALPES MARITIMES"}},{"type":"Feature","geometry":{"type":"Point","coordinates":[6.961522044373435,49.1778552047149]},"properties":{"finess":"570029116","nom":"SAAD ASD - AIDE ET SERVICE A DOMICILE","departement":"MOSELLE"}},{"type":"Feature","geometry":{"type":"Point","coordinates":[7.078053327280061,49.01847112379868]},"properties":{"finess":"670020668","nom":"SAAD ASD - AIDE ET SERVICE A DOMICILE","departement":"BAS RHIN"}},{"type":"Feature","geometry":{"type":"Point","coordinates":[1.220913792410362,49.87857510434623]},"properties":{"finess":"760798868","nom":"SAAD CCAS SAINT-NICOLAS D'ALIERMONT","departement":"SEINE MARITIME"}},{"type":"Feature","geometry":{"type":"Point","coordinates":[-1.266873750542516,47.16077831900208]},"properties":{"finess":"440062941","nom":"SAA ADHAP SERVICES","departement":"LOIRE ATLANTIQUE"}},{"type":"Feature","geometry":{"type":"Point","coordinates":[-1.569713881316686,47.23791069476572]},"properties":{"finess":"440057024","nom":"SAA ADHAP SERVICES NANTES","departement":"LOIRE ATLANTIQUE"}},{"type":"Feature","geometry":{"type":"Point","coordinates":[1.491989719011323,48.45253326685456]},"properties":{"finess":"280008590","nom":"SAA SOUS MON TOIT","departement":"EURE ET LOIR"}},{"type":"Feature","geometry":{"type":"Point","coordinates":[-2.72886693158945,48.52231378916259]},"properties":{"finess":"220024194","nom":"SAAD DESTIA SAINT BRIEUC","departement":"COTES D ARMOR"}},{"type":"Feature","geometry":{"type":"Point","coordinates":[2.294516550216368,48.69993534020148]},"properties":{"finess":"910802867","nom":"SAAD AAD LONGJUMEAU","departement":"ESSONNE"}},{"type":"Feature","geometry":{"type":"Point","coordinates":[5.803695796377456,43.11799700737731]},"properties":{"finess":"830023727","nom":"SAAD SERVICES VIVRE MIEUX ASVM","departement":"VAR"}},{"type":"Feature","geometry":{"type":"Point","coordinates":[5.713150424340116,45.16304939869101]},"properties":{"finess":"380024745","nom":"SAAD LES SERVICES DE MAGALI","departement":"ISERE"}},{"type":"Feature","geometry":{"type":"Point","coordinates":[-0.6298563724302004,43.37049590426924]},"properties":{"finess":"640788329","nom":"SAAD DU CCAS DE MOURENX","departement":"PYRENEES ATLANTIQUES"}},{"type":"Feature","geometry":{"type":"Point","coordinates":[5.438496819502353,47.80383681169917]},"properties":{"finess":"520002692","nom":"SAAD D'AIDE AUX PA CIAS AVENIR","departement":"HAUTE MARNE"}},{"type":"Feature","geometry":{"type":"Point","coordinates":[3.660916142616044,50.41781878824275]},"properties":{"finess":"590793394","nom":"SCE D'AIDE A DOMICILE DU CCAS","departement":"NORD"}},{"type":"Feature","geometry":{"type":"Point","coordinates":[-4.092673665002851,48.19554095113321]},"properties":{"finess":"290038256","nom":"SAAD JUNIOR SENIOR'S CHATEAULIN","departement":"FINISTERE"}},{"type":"Feature","geometry":{"type":"Point","coordinates":[-4.011557334219543,47.89302269066467]},"properties":{"finess":"290038173","nom":"SAAD JUNIOR SENIOR'S FOUESNANT","departement":"FINISTERE"}},{"type":"Feature","geometry":{"type":"Point","coordinates":[-3.849541601352657,48.57305886286161]},"properties":{"finess":"290037142","nom":"SAAD JUNIOR SENIOR'S MORLAIX","departement":"FINISTERE"}},{"type":"Feature","geometry":{"type":"Point","coordinates":[-4.222361480601541,47.86466241592345]},"properties":{"finess":"290038207","nom":"SAAD JUNIOR SENIOR'S PONT L'ABBE","departement":"FINISTERE"}},{"type":"Feature","geometry":{"type":"Point","coordinates":[-4.079908743553281,47.98628084348372]},"properties":{"finess":"290038199","nom":"SAAD JUNIOR SENIOR'S QUIMPER","departement":"FINISTERE"}},{"type":"Feature","geometry":{"type":"Point","coordinates":[-3.829654378850459,47.9592129991826]},"properties":{"finess":"290038215","nom":"SAAD JUNIOR SENIOR'S ROSPORDEN","departement":"FINISTERE"}},{"type":"Feature","geometry":{"type":"Point","coordinates":[5.970029675965841,43.12987274101186]},"properties":{"finess":"830024527","nom":"SAAD RESIDENCES SERVICES SANS SOUCI","departement":"VAR"}},{"type":"Feature","geometry":{"type":"Point","coordinates":[3.644161941082154,49.57958196488512]},"properties":{"finess":"020017745","nom":"SAAD ADHAP LAON","departement":"AISNE"}},{"type":"Feature","geometry":{"type":"Point","coordinates":[1.46282648315481,48.42753330450247]},"properties":{"finess":"280008293","nom":"AUXI'LIFE B","departement":"EURE ET LOIR"}},{"type":"Feature","geometry":{"type":"Point","coordinates":[2.09757751806545,48.99782361502251]},"properties":{"finess":"780026928","nom":"SAAD MAISON ET COMPAGNIE","departement":"YVELINES"}},{"type":"Feature","geometry":{"type":"Point","coordinates":[2.47147954582305,48.85301818919517]},"properties":{"finess":"940024227","nom":"SAAD VIVONS MIEUX","departement":"VAL DE MARNE"}},{"type":"Feature","geometry":{"type":"Point","coordinates":[6.309042216577908,43.23736878511161]},"properties":{"finess":"830022372","nom":"SAAD ADMR COLLOBRIERES","departement":"VAR"}},{"type":"Feature","geometry":{"type":"Point","coordinates":[6.496781415409534,43.56899819582534]},"properties":{"finess":"830022943","nom":"SAAD ADMR HAUT VAR","departement":"VAR"}},{"type":"Feature","geometry":{"type":"Point","coordinates":[5.93029059320676,43.12521018247259]},"properties":{"finess":"830024196","nom":"SAAD ALLO SERVICES ADMR","departement":"VAR"}},{"type":"Feature","geometry":{"type":"Point","coordinates":[6.059473822624791,43.40677812702489]},"properties":{"finess":"830023230","nom":"SAAD PRESENCE COEUR ADMR","departement":"VAR"}},{"type":"Feature","geometry":{"type":"Point","coordinates":[5.781976742544371,43.37013461943223]},"properties":{"finess":"830023255","nom":"SAAD SAINTE BAUME SERVICES ADMR","departement":"VAR"}},{"type":"Feature","geometry":{"type":"Point","coordinates":[6.764105056881848,43.42516831277608]},"properties":{"finess":"830024030","nom":"SAAD VAR ATOUT SERVICES - ADMR","departement":"VAR"}},{"type":"Feature","geometry":{"type":"Point","coordinates":[2.379359404211367,48.92599826997327]},"properties":{"finess":"930027040","nom":"SAAD HETEP-IAOUT SERVICES","departement":"SEINE SAINT DENIS"}},{"type":"Feature","geometry":{"type":"Point","coordinates":[-61.07245770676194,14.60416305657662]},"properties":{"finess":"970214821","nom":"SAAD - CCAS VILLE DE FORT DE FRANCE","departement":"MARTINIQUE"}},{"type":"Feature","geometry":{"type":"Point","coordinates":[0.6243894803749959,48.76395803774225]},"properties":{"finess":"610008880","nom":"UNA DU PAYS D'OUCHE D'AUGE","departement":"ORNE"}},{"type":"Feature","geometry":{"type":"Point","coordinates":[-1.674294634100205,48.1070678999024]},"properties":{"finess":"350055646","nom":"SAAD AGE ET PERSPECTIVES","departement":"ILLE ET VILAINE"}},{"type":"Feature","geometry":{"type":"Point","coordinates":[4.721022514308426,45.98647300738185]},"properties":{"finess":"690044839","nom":"SAAD AGE ET PERSPECTIVES VILLEFRANCHE","departement":"RHONE"}},{"type":"Feature","geometry":{"type":"Point","coordinates":[1.903270808399056,47.91445829830564]},"properties":{"finess":"450009576","nom":"SAAD A DOMICILE 45","departement":"LOIRET"}},{"type":"Feature","geometry":{"type":"Point","coordinates":[2.737323464801812,47.6373878859814]},"properties":{"finess":"450023791","nom":"SAAD A DOMICILE 45 BRIARE","departement":"LOIRET"}},{"type":"Feature","geometry":{"type":"Point","coordinates":[2.220146219170413,47.86452511519484]},"properties":{"finess":"450023783","nom":"SAAD A DOMICILE 45 CHATEAUNEUF/LOIRE","departement":"LOIRET"}},{"type":"Feature","geometry":{"type":"Point","coordinates":[2.738745356579655,47.99790119083203]},"properties":{"finess":"450023775","nom":"SAAD A DOMICILE 45 MONTARGIS","departement":"LOIRET"}},{"type":"Feature","geometry":{"type":"Point","coordinates":[5.001374492131148,45.73180165670232]},"properties":{"finess":"690045992","nom":"ESSENTIEL ET DOMICILE OPTISOIN GENAS","departement":"RHONE"}},{"type":"Feature","geometry":{"type":"Point","coordinates":[7.311313581769603,43.7051493930442]},"properties":{"finess":"060020567","nom":"SAAD CCAS VILLEFRANCHE SUR MER","departement":"ALPES MARITIMES"}},{"type":"Feature","geometry":{"type":"Point","coordinates":[6.750284077139972,43.42298111603106]},"properties":{"finess":"830021622","nom":"SAAD 1 JOUR = 1 SOLUTION","departement":"VAR"}},{"type":"Feature","geometry":{"type":"Point","coordinates":[-2.130820211343317,47.76594943465397]},"properties":{"finess":"560027617","nom":"SAAD SERVICES O DOMICILE","departement":"MORBIHAN"}},{"type":"Feature","geometry":{"type":"Point","coordinates":[7.313788956289473,43.7431460343075]},"properties":{"finess":"060006269","nom":"SAAD CCAS LA TRINITE","departement":"ALPES MARITIMES"}},{"type":"Feature","geometry":{"type":"Point","coordinates":[5.388870712555213,43.28165760617809]},"properties":{"finess":"130036965","nom":"SAAD ASSISTANCE FAMILIALE","departement":"BOUCHES DU RHONE"}},{"type":"Feature","geometry":{"type":"Point","coordinates":[2.350023112286421,48.77421663986623]},"properties":{"finess":"940025877","nom":"SAAD OMNICA","departement":"VAL DE MARNE"}},{"type":"Feature","geometry":{"type":"Point","coordinates":[1.628355376318655,43.11490827068796]},"properties":{"finess":"090004367","nom":"SAAD A DEUX MAINS","departement":"ARIEGE"}},{"type":"Feature","geometry":{"type":"Point","coordinates":[7.277144291573995,43.70197590117043]},"properties":{"finess":"060027737","nom":"SAAD BLOOM A VOTRE SERVICE","departement":"ALPES MARITIMES"}},{"type":"Feature","geometry":{"type":"Point","coordinates":[7.188833310507519,43.67550300493922]},"properties":{"finess":"060031994","nom":"SAAD BLOOM A VOTRE SERVICE","departement":"ALPES MARITIMES"}},{"type":"Feature","geometry":{"type":"Point","coordinates":[3.089965993637769,49.25308576298506]},"properties":{"finess":"020008363","nom":"SAAD CCAS VILLERS-COTTERETS","departement":"AISNE"}},{"type":"Feature","geometry":{"type":"Point","coordinates":[-1.394104887420555,47.16919224486071]},"properties":{"finess":"440054518","nom":"SAAD AISANCE DOMICILE SERVICE","departement":"LOIRE ATLANTIQUE"}},{"type":"Feature","geometry":{"type":"Point","coordinates":[-1.671931728541463,48.09660413331247]},"properties":{"finess":"350052379","nom":"SAAD AGE D'OR SERVICES","departement":"ILLE ET VILAINE"}},{"type":"Feature","geometry":{"type":"Point","coordinates":[-1.757161612081739,48.54981319171716]},"properties":{"finess":"350056024","nom":"SAAD AGE D'OR SERVICES","departement":"ILLE ET VILAINE"}},{"type":"Feature","geometry":{"type":"Point","coordinates":[-3.918757984126559,47.87973061050766]},"properties":{"finess":"290039122","nom":"SAAD DOMITYS LA CHALOUPE BLEUE","departement":"FINISTERE"}},{"type":"Feature","geometry":{"type":"Point","coordinates":[3.084316636489001,50.37578743728381]},"properties":{"finess":"590036190","nom":"SAD FLORALIES DOMICILE","departement":"NORD"}},{"type":"Feature","geometry":{"type":"Point","coordinates":[6.465853332624598,43.53835212349375]},"properties":{"finess":"830024758","nom":"SAAD FREE DOM DRACENIE","departement":"VAR"}},{"type":"Feature","geometry":{"type":"Point","coordinates":[2.48950180076824,48.81876620630487]},"properties":{"finess":"940024573","nom":"SAAD APADOM","departement":"VAL DE MARNE"}},{"type":"Feature","geometry":{"type":"Point","coordinates":[2.399222649211361,49.84328587070834]},"properties":{"finess":"800008336","nom":"SERVICE MANDATAIRE & AIDE MÉNAGÈRE","departement":"SOMME"}},{"type":"Feature","geometry":{"type":"Point","coordinates":[5.161563799431223,48.77580884261688]},"properties":{"finess":"550007397","nom":"SAAD SERVICES A LA PERSONNE DU BARROIS","departement":"MEUSE"}},{"type":"Feature","geometry":{"type":"Point","coordinates":[1.856992886848337,48.64812277295875]},"properties":{"finess":"780026563","nom":"SAAD GRAN MOUN","departement":"YVELINES"}},{"type":"Feature","geometry":{"type":"Point","coordinates":[6.858502182757142,47.61589820283908]},"properties":{"finess":"900004268","nom":"SAAD ADOMIS DANJOUTIN","departement":"TERRITOIRE DE BELFORT"}},{"type":"Feature","geometry":{"type":"Point","coordinates":[-1.682633899816163,47.8418146110178]},"properties":{"finess":"350055158","nom":"SAAD VIVRE ADOM - BAIN DE BRETAGNE","departement":"ILLE ET VILAINE"}},{"type":"Feature","geometry":{"type":"Point","coordinates":[-1.236162101934667,47.94337556521459]},"properties":{"finess":"350054995","nom":"SAAD VIVRE ADOM LA GUERCHE DE BRETAGNE","departement":"ILLE ET VILAINE"}},{"type":"Feature","geometry":{"type":"Point","coordinates":[-1.609137218841636,48.10848409532278]},"properties":{"finess":"350057121","nom":"SAD VIVRE ADOM - CESSON SEVIGNE","departement":"ILLE ET VILAINE"}},{"type":"Feature","geometry":{"type":"Point","coordinates":[3.955991684756111,49.02697368866428]},"properties":{"finess":"510028145","nom":"SAAD LES TEMPLITUDES EPERNAY","departement":"MARNE"}},{"type":"Feature","geometry":{"type":"Point","coordinates":[2.073512469356525,49.07464242519502]},"properties":{"finess":"950043075","nom":"SAD LES TEMPLITUDES OSNY","departement":"VAL D OISE"}},{"type":"Feature","geometry":{"type":"Point","coordinates":[5.603080458160012,43.34886068135918]},"properties":{"finess":"130049174","nom":"SAAD CCAS ROQUEVAIRE","departement":"BOUCHES DU RHONE"}},{"type":"Feature","geometry":{"type":"Point","coordinates":[3.651774249959403,49.57770082469995]},"properties":{"finess":"020013884","nom":"SAAD AVENIR RURAL","departement":"AISNE"}},{"type":"Feature","geometry":{"type":"Point","coordinates":[1.37421114249627,43.58709117346638]},"properties":{"finess":"310029822","nom":"SAAD LES NEREIDES","departement":"HAUTE GARONNE"}},{"type":"Feature","geometry":{"type":"Point","coordinates":[5.763926055708604,45.18125132076256]},"properties":{"finess":"380025122","nom":"SAAD YANN BRUYAT SERVICES","departement":"ISERE"}},{"type":"Feature","geometry":{"type":"Point","coordinates":[-0.8692634955563489,47.69536041243689]},"properties":{"finess":"490021748","nom":"SAAD RESIDENCE HISIA","departement":"MAINE ET LOIRE"}},{"type":"Feature","geometry":{"type":"Point","coordinates":[6.166732713010932,48.68675443787481]},"properties":{"finess":"540025202","nom":"SAAD FREE DOM NANCY","departement":"MEURTHE ET MOSELLE"}},{"type":"Feature","geometry":{"type":"Point","coordinates":[4.774621441651504,45.39534427221351]},"properties":{"finess":"380025387","nom":"SAAD EL'MA SERVICES","departement":"ISERE"}},{"type":"Feature","geometry":{"type":"Point","coordinates":[2.646579634990133,50.00482101956453]},"properties":{"finess":"800022501","nom":"SAAD SIVOM DU CANTON D'ALBERT","departement":"SOMME"}},{"type":"Feature","geometry":{"type":"Point","coordinates":[2.760094701082692,42.5003193672767]},"properties":{"finess":"660011438","nom":"SAAD CERET'NA","departement":"PYRENEES ORIENTALES"}},{"type":"Feature","geometry":{"type":"Point","coordinates":[2.397324748806371,47.08780574934119]},"properties":{"finess":"180009987","nom":"RESIDENCE ST BONNET","departement":"CHER"}},{"type":"Feature","geometry":{"type":"Point","coordinates":[1.828836696467885,48.64488882983238]},"properties":{"finess":"780031381","nom":"LES JARDINS D'ARCADIE RAMBOUILLET","departement":"YVELINES"}},{"type":"Feature","geometry":{"type":"Point","coordinates":[0.3457244519455326,46.57815421764221]},"properties":{"finess":"860017318","nom":"SAAD LES JARDINS D'ARCADIE POITIERS","departement":"VIENNE"}},{"type":"Feature","geometry":{"type":"Point","coordinates":[2.402412909849402,48.85004369434442]},"properties":{"finess":"750077943","nom":"SAA SERVICE TOUR","departement":"PARIS"}},{"type":"Feature","geometry":{"type":"Point","coordinates":[1.34096416134236,43.52236014678461]},"properties":{"finess":"310005848","nom":"SAAD APSD ADHAP","departement":"HAUTE GARONNE"}},{"type":"Feature","geometry":{"type":"Point","coordinates":[3.003521104526201,46.7085156711532]},"properties":{"finess":"030784664","nom":"ASSO D'AIDE A DOMICILE NORD ALLIER","departement":"ALLIER"}},{"type":"Feature","geometry":{"type":"Point","coordinates":[7.189052868138484,43.67475385752847]},"properties":{"finess":"060005899","nom":"SAAD CCAS SAINT LAURENT DU VAR","departement":"ALPES MARITIMES"}},{"type":"Feature","geometry":{"type":"Point","coordinates":[5.538558723357495,43.21430598931573]},"properties":{"finess":"130049109","nom":"SAAD CASSIS DOMICILE SERVICES","departement":"BOUCHES DU RHONE"}},{"type":"Feature","geometry":{"type":"Point","coordinates":[-0.1130098331685391,49.28598733337544]},"properties":{"finess":"140029976","nom":"SAD CABOURG SARL ALYDEL SERVICES","departement":"CALVADOS"}},{"type":"Feature","geometry":{"type":"Point","coordinates":[3.364293525061587,49.66132396196356]},"properties":{"finess":"020017901","nom":"SAAD COMMUNAUTÉ D'AGGLOMÉRATION CHAUNY","departement":"AISNE"}},{"type":"Feature","geometry":{"type":"Point","coordinates":[8.739011952201892,41.93763583824693]},"properties":{"finess":"2A0004859","nom":"DOMITYS PALMIERS","departement":"CORSE DU SUD"}},{"type":"Feature","geometry":{"type":"Point","coordinates":[2.358113504699197,47.10673320380748]},"properties":{"finess":"180010027","nom":"SAAD DOMITYS LE COTEAU D'ARGENT","departement":"CHER"}},{"type":"Feature","geometry":{"type":"Point","coordinates":[2.049803610502346,47.22987962016141]},"properties":{"finess":"180010019","nom":"SAAD DOMITYS LE VILLAGE","departement":"CHER"}},{"type":"Feature","geometry":{"type":"Point","coordinates":[-1.468334427444162,47.24986718097287]},"properties":{"finess":"440053783","nom":"SAAD SAP 44","departement":"LOIRE ATLANTIQUE"}},{"type":"Feature","geometry":{"type":"Point","coordinates":[-1.329055450440199,47.59042829751108]},"properties":{"finess":"440060663","nom":"SAAD DU SOLEIL A DOMICILE","departement":"LOIRE ATLANTIQUE"}},{"type":"Feature","geometry":{"type":"Point","coordinates":[-1.942269183540035,46.696870585493]},"properties":{"finess":"850028671","nom":"SAAD ADN","departement":"VENDEE"}},{"type":"Feature","geometry":{"type":"Point","coordinates":[0.7184160504164193,47.37012242649404]},"properties":{"finess":"370014599","nom":"SAAD AUTONOMIA SERVICES","departement":"INDRE ET LOIRE"}},{"type":"Feature","geometry":{"type":"Point","coordinates":[-60.86422233665471,14.473395742959]},"properties":{"finess":"970213963","nom":"ASSISTANCE ET SERVICE PLUS - ASEP","departement":"MARTINIQUE"}},{"type":"Feature","geometry":{"type":"Point","coordinates":[2.585516693150192,49.20785493469452]},"properties":{"finess":"600016216","nom":"SAAD COMPTOIR DES SERVICES À DOMICILE","departement":"OISE"}},{"type":"Feature","geometry":{"type":"Point","coordinates":[7.121352104635068,43.65830858495683]},"properties":{"finess":"060011459","nom":"SAAD CCAS VILLENEUVE LOUBET","departement":"ALPES MARITIMES"}},{"type":"Feature","geometry":{"type":"Point","coordinates":[6.971986840223398,43.62009901305749]},"properties":{"finess":"060006178","nom":"SAAD SERVICE D'AIDE MENAGERE","departement":"ALPES MARITIMES"}},{"type":"Feature","geometry":{"type":"Point","coordinates":[1.872727345719956,50.256630622899]},"properties":{"finess":"800008344","nom":"SAAD VALLOIRES","departement":"SOMME"}},{"type":"Feature","geometry":{"type":"Point","coordinates":[4.869938390478157,45.77609331692565]},"properties":{"finess":"690054648","nom":"SAAD LES TEMPLITUDES VILLEURBANNE","departement":"RHONE"}},{"type":"Feature","geometry":{"type":"Point","coordinates":[-0.7744843729909727,48.07085022694613]},"properties":{"finess":"530009331","nom":"SAAD C SAGE","departement":"MAYENNE"}},{"type":"Feature","geometry":{"type":"Point","coordinates":[4.836744481463072,45.73690640015987]},"properties":{"finess":"690053053","nom":"SAAD DOMITYS LA MANUFACTURE","departement":"RHONE"}},{"type":"Feature","geometry":{"type":"Point","coordinates":[4.8499861898005,45.74410744715731]},"properties":{"finess":"690047527","nom":"SAAD DOMITYS LE PONT DES LUMIERES","departement":"RHONE"}},{"type":"Feature","geometry":{"type":"Point","coordinates":[5.353844131316718,43.57016552169286]},"properties":{"finess":"130048523","nom":"SAAD ADHAP ADEQUADOM","departement":"BOUCHES DU RHONE"}},{"type":"Feature","geometry":{"type":"Point","coordinates":[-0.5101068063294351,47.48083573151587]},"properties":{"finess":"490021326","nom":"SAAD ASPHA","departement":"MAINE ET LOIRE"}},{"type":"Feature","geometry":{"type":"Point","coordinates":[-1.49102447503386,47.29869275008776]},"properties":{"finess":"440054203","nom":"SAAD NORD LOIRE DEPENDANCE","departement":"LOIRE ATLANTIQUE"}},{"type":"Feature","geometry":{"type":"Point","coordinates":[0.7256437869364045,43.10984356328201]},"properties":{"finess":"310034053","nom":"SAD COMMINGES PYRENEES SERVICES","departement":"HAUTE GARONNE"}},{"type":"Feature","geometry":{"type":"Point","coordinates":[2.1678937680465,48.76435688901063]},"properties":{"finess":"780808150","nom":"SAAD CCAS DE JOUY EN JOSAS","departement":"YVELINES"}},{"type":"Feature","geometry":{"type":"Point","coordinates":[7.731508799577015,48.57578373502568]},"properties":{"finess":"670013424","nom":"SAAD ARASC AIDES A DOMICILE","departement":"BAS RHIN"}},{"type":"Feature","geometry":{"type":"Point","coordinates":[4.180755954511467,43.57531030323939]},"properties":{"finess":"300018967","nom":"SAAD BIEN VIVRE","departement":"GARD"}},{"type":"Feature","geometry":{"type":"Point","coordinates":[2.315539085741361,48.81928018812638]},"properties":{"finess":"920035177","nom":"SAD ALLIANCE VIE MONTROUGE","departement":"HAUTS DE SEINE"}},{"type":"Feature","geometry":{"type":"Point","coordinates":[2.275331413783336,48.90295040312279]},"properties":{"finess":"920034667","nom":"SAD ALLIANCE VIE COURBEVOIE","departement":"HAUTS DE SEINE"}},{"type":"Feature","geometry":{"type":"Point","coordinates":[-3.078652359703595,47.71726313522677]},"properties":{"finess":"560028938","nom":"SAD CONFIEZ-NOUS LOCOAL MENDON","departement":"MORBIHAN"}},{"type":"Feature","geometry":{"type":"Point","coordinates":[5.821996654300525,44.31428051026726]},"properties":{"finess":"050001650","nom":"SAAD C.C.A.S. LARAGNE-MONTEGLIN","departement":"HAUTES ALPES"}},{"type":"Feature","geometry":{"type":"Point","coordinates":[4.807464232517285,45.71864637614555]},"properties":{"finess":"690046511","nom":"SAAD ABC AIDE A DOMICILE","departement":"RHONE"}},{"type":"Feature","geometry":{"type":"Point","coordinates":[4.908481736397508,45.73151556261327]},"properties":{"finess":"690046933","nom":"SAAD ABC AIDE A DOMICILE BRON","departement":"RHONE"}},{"type":"Feature","geometry":{"type":"Point","coordinates":[5.590469006543883,45.36582263544858]},"properties":{"finess":"380022897","nom":"SAAD EVADEN AVENIR","departement":"ISERE"}},{"type":"Feature","geometry":{"type":"Point","coordinates":[6.77179682567276,43.42466731602477]},"properties":{"finess":"830022414","nom":"SAAD L'OUSTAOUNET","departement":"VAR"}},{"type":"Feature","geometry":{"type":"Point","coordinates":[1.562832222538603,45.42432880375279]},"properties":{"finess":"190012914","nom":"SAAD DU CIAS DU PAYS D'UZERCHE","departement":"CORREZE"}},{"type":"Feature","geometry":{"type":"Point","coordinates":[5.941081793472605,43.11182931011518]},"properties":{"finess":"830023958","nom":"SAAD MAISON ET MENAGE TOULON","departement":"VAR"}},{"type":"Feature","geometry":{"type":"Point","coordinates":[-2.84712984020847,47.7571684415214]},"properties":{"finess":"560027872","nom":"SAAD ASSOCIATION LOCALE ADMR DU LOCH","departement":"MORBIHAN"}},{"type":"Feature","geometry":{"type":"Point","coordinates":[-2.965631177463996,48.08017758284991]},"properties":{"finess":"560028235","nom":"SAAD ADMR DU BLAVET A L'OUST","departement":"MORBIHAN"}},{"type":"Feature","geometry":{"type":"Point","coordinates":[-3.368153448174198,47.75075325118492]},"properties":{"finess":"560028094","nom":"SAAD ADMR LORIENT","departement":"MORBIHAN"}},{"type":"Feature","geometry":{"type":"Point","coordinates":[-3.494101554892914,48.03191209496666]},"properties":{"finess":"560028037","nom":"SAAD ADMR LE FAOUET","departement":"MORBIHAN"}},{"type":"Feature","geometry":{"type":"Point","coordinates":[-3.132085811006251,47.52059701437906]},"properties":{"finess":"560028466","nom":"SAAD ADMR SAINT PIERRE DE QUIBERON","departement":"MORBIHAN"}},{"type":"Feature","geometry":{"type":"Point","coordinates":[-2.999547662841597,47.61561469105387]},"properties":{"finess":"560027849","nom":"SAAD ASSOCIATION LOCALE ADMR CRACH","departement":"MORBIHAN"}},{"type":"Feature","geometry":{"type":"Point","coordinates":[55.4960968764493,-20.89798860244727]},"properties":{"finess":"970411641","nom":"SAAD - SCOPSIR","departement":"LA REUNION"}},{"type":"Feature","geometry":{"type":"Point","coordinates":[-2.102766362171788,47.11602497158587]},"properties":{"finess":"440060184","nom":"SAAD DAY AFTER DAY COTE DE JADE","departement":"LOIRE ATLANTIQUE"}},{"type":"Feature","geometry":{"type":"Point","coordinates":[-1.299897831449139,46.97045816898643]},"properties":{"finess":"850028838","nom":"SAAD SAD","departement":"VENDEE"}},{"type":"Feature","geometry":{"type":"Point","coordinates":[-60.90413574476679,14.61557358756612]},"properties":{"finess":"970213989","nom":"TM3 SERVICES","departement":"MARTINIQUE"}},{"type":"Feature","geometry":{"type":"Point","coordinates":[2.808228971735699,48.38861236290924]},"properties":{"finess":"770812998","nom":"SAAD ST MAMMES","departement":"SEINE ET MARNE"}},{"type":"Feature","geometry":{"type":"Point","coordinates":[2.289402232723647,48.83682662346317]},"properties":{"finess":"750074692","nom":"SAAD DOMICILE ET MOBILITE","departement":"PARIS"}},{"type":"Feature","geometry":{"type":"Point","coordinates":[2.259577027955876,48.88633966025651]},"properties":{"finess":"920033925","nom":"SAD M&D","departement":"HAUTS DE SEINE"}},{"type":"Feature","geometry":{"type":"Point","coordinates":[2.468132496482617,48.84580408449863]},"properties":{"finess":"940026172","nom":"SAAD L ARBRE DE VIE","departement":"VAL DE MARNE"}},{"type":"Feature","geometry":{"type":"Point","coordinates":[2.256922679248574,48.98614228620473]},"properties":{"finess":"950034975","nom":"SAD PLURIAGE SERVICES","departement":"VAL D OISE"}},{"type":"Feature","geometry":{"type":"Point","coordinates":[5.691042533255096,45.11986985860199]},"properties":{"finess":"380024729","nom":"SAAD FRANCE PRESENCE CLAIX","departement":"ISERE"}},{"type":"Feature","geometry":{"type":"Point","coordinates":[5.717547120352831,45.1905636697803]},"properties":{"finess":"380023176","nom":"AAD FRANCE PRESENCE","departement":"ISERE"}},{"type":"Feature","geometry":{"type":"Point","coordinates":[5.369390617247747,43.49323473114623]},"properties":{"finess":"130048457","nom":"SAAD AAD FRANCE PRESENCE","departement":"BOUCHES DU RHONE"}},{"type":"Feature","geometry":{"type":"Point","coordinates":[-61.13423719963617,14.77970275835002]},"properties":{"finess":"970214342","nom":"ASSOCIATION MULTI-SERVICES A LA PERSON","departement":"MARTINIQUE"}},{"type":"Feature","geometry":{"type":"Point","coordinates":[-60.96130066455246,14.51106339564823]},"properties":{"finess":"970214326","nom":"ASSOCIATION SAPAAD","departement":"MARTINIQUE"}},{"type":"Feature","geometry":{"type":"Point","coordinates":[4.425118616117126,43.91080330373666]},"properties":{"finess":"300019007","nom":"SAAD LANGUEDOC AIDE A LA PERSONNE","departement":"GARD"}},{"type":"Feature","geometry":{"type":"Point","coordinates":[2.300135514469568,48.98596781185677]},"properties":{"finess":"950039016","nom":"SAD PRO ALLIANCE ADMR","departement":"VAL D OISE"}},{"type":"Feature","geometry":{"type":"Point","coordinates":[-0.4482025055108074,49.3331738011475]},"properties":{"finess":"140032129","nom":"SAD DOMITYS LA PLAGE DE NACRE","departement":"CALVADOS"}},{"type":"Feature","geometry":{"type":"Point","coordinates":[-0.1274086516504013,49.28423217639661]},"properties":{"finess":"140032137","nom":"SAD DOMITYS LE CARROUSEL","departement":"CALVADOS"}},{"type":"Feature","geometry":{"type":"Point","coordinates":[-0.7202585817044773,49.27915212947524]},"properties":{"finess":"140032145","nom":"SAD DOMITYS LES FALAISES BLANCHES","departement":"CALVADOS"}},{"type":"Feature","geometry":{"type":"Point","coordinates":[1.468270621774054,43.65894943358266]},"properties":{"finess":"310034707","nom":"SAA DOMITYS LES PASTELLISTES","departement":"HAUTE GARONNE"}},{"type":"Feature","geometry":{"type":"Point","coordinates":[0.1848366539847917,49.53686734137274]},"properties":{"finess":"760036897","nom":"SAAD STÉ DOMITYS MONTIVILLIERS","departement":"SEINE MARITIME"}},{"type":"Feature","geometry":{"type":"Point","coordinates":[3.123690649969369,46.97594712090665]},"properties":{"finess":"580007235","nom":"SAAD DOMITYS \"LE BELVEDERE\"","departement":"NIEVRE"}},{"type":"Feature","geometry":{"type":"Point","coordinates":[-1.775062670323045,46.5236033408214]},"properties":{"finess":"850028655","nom":"SAAD ADHAP SERVICES LES SABLES","departement":"VENDEE"}},{"type":"Feature","geometry":{"type":"Point","coordinates":[4.35088150354199,43.83091023517157]},"properties":{"finess":"300018546","nom":"SAAD CHATEAU SILHOL","departement":"GARD"}},{"type":"Feature","geometry":{"type":"Point","coordinates":[6.926795981485276,49.16537382790529]},"properties":{"finess":"570023457","nom":"SAAD SERVITIS","departement":"MOSELLE"}},{"type":"Feature","geometry":{"type":"Point","coordinates":[2.358980180902958,48.86945794466693]},"properties":{"finess":"750078305","nom":"SAA AUXILIADOM PARIS","departement":"PARIS"}},{"type":"Feature","geometry":{"type":"Point","coordinates":[3.305707741804842,49.85996804211646]},"properties":{"finess":"020018461","nom":"SAAD DOMITYS","departement":"AISNE"}},{"type":"Feature","geometry":{"type":"Point","coordinates":[3.323436403121307,49.37325094373705]},"properties":{"finess":"020019030","nom":"SAAD DOMITYS - LE DOMAINE D'AGATE","departement":"AISNE"}},{"type":"Feature","geometry":{"type":"Point","coordinates":[2.091743225185539,48.90095424285992]},"properties":{"finess":"780030813","nom":"SAAD DOMUSVI DOMICILE","departement":"YVELINES"}},{"type":"Feature","geometry":{"type":"Point","coordinates":[4.36239496979159,43.83041690940549]},"properties":{"finess":"300021078","nom":"SAAD DOMUSVI DOMICILE","departement":"GARD"}},{"type":"Feature","geometry":{"type":"Point","coordinates":[0.508527606438703,49.35744015956118]},"properties":{"finess":"270028293","nom":"SAD LE GRAND LIEU","departement":"EURE"}},{"type":"Feature","geometry":{"type":"Point","coordinates":[1.426694619513832,43.39032693937617]},"properties":{"finess":"310029707","nom":"SAAD HOME SERVICES","departement":"HAUTE GARONNE"}},{"type":"Feature","geometry":{"type":"Point","coordinates":[1.465553223236463,43.63941520707645]},"properties":{"finess":"310030176","nom":"SAA OVELIA 31","departement":"HAUTE GARONNE"}},{"type":"Feature","geometry":{"type":"Point","coordinates":[7.275046116380521,43.69601984662513]},"properties":{"finess":"060027513","nom":"SAAD CCAS NICE","departement":"ALPES MARITIMES"}},{"type":"Feature","geometry":{"type":"Point","coordinates":[0.3657415323372495,49.64730029277555]},"properties":{"finess":"760804138","nom":"SAAD CCAD GODERVILLE","departement":"SEINE MARITIME"}},{"type":"Feature","geometry":{"type":"Point","coordinates":[1.538651586070905,45.15757673218792]},"properties":{"finess":"190013011","nom":"SAAD MP SERVICES","departement":"CORREZE"}},{"type":"Feature","geometry":{"type":"Point","coordinates":[4.032575443375807,49.23332376437464]},"properties":{"finess":"510026362","nom":"SAD CAP INTEGRATION","departement":"MARNE"}},{"type":"Feature","geometry":{"type":"Point","coordinates":[-3.15456971449856,48.56277001730341]},"properties":{"finess":"220023527","nom":"SAD DESTIA GUINGAMP","departement":"COTES D ARMOR"}},{"type":"Feature","geometry":{"type":"Point","coordinates":[4.870071906831113,45.7529249378611]},"properties":{"finess":"690047055","nom":"SAAD ARCADIE LYON 3","departement":"RHONE"}},{"type":"Feature","geometry":{"type":"Point","coordinates":[4.889609008440263,45.75126617053793]},"properties":{"finess":"690021639","nom":"SAAD MS DOM","departement":"RHONE"}},{"type":"Feature","geometry":{"type":"Point","coordinates":[4.371043724897236,43.82333867140751]},"properties":{"finess":"300018710","nom":"SAAD ANGE GARDIEN 30","departement":"GARD"}},{"type":"Feature","geometry":{"type":"Point","coordinates":[0.6063455948844688,47.4046896552564]},"properties":{"finess":"370015075","nom":"SAAD MIEUX CHEZ VOUS","departement":"INDRE ET LOIRE"}},{"type":"Feature","geometry":{"type":"Point","coordinates":[-0.358863855081029,49.18819407619778]},"properties":{"finess":"140029430","nom":"SAD EURL AXEO AGENCE DE CAEN NORD","departement":"CALVADOS"}},{"type":"Feature","geometry":{"type":"Point","coordinates":[2.963020063921991,50.59007861220974]},"properties":{"finess":"590793931","nom":"SCE AIDE A DOMICILE CCAS","departement":"NORD"}},{"type":"Feature","geometry":{"type":"Point","coordinates":[7.256298908091047,43.70006883662867]},"properties":{"finess":"060029071","nom":"SAAD AXEO SERVICES","departement":"ALPES MARITIMES"}},{"type":"Feature","geometry":{"type":"Point","coordinates":[-0.6346592184138462,45.71687575755993]},"properties":{"finess":"170023535","nom":"SAAD SOURIRES ET SERVICES A DOMICILE","departement":"CHARENTE MARITIME"}},{"type":"Feature","geometry":{"type":"Point","coordinates":[-60.99205220860427,14.78449960723106]},"properties":{"finess":"970213906","nom":"K'NEL","departement":"MARTINIQUE"}},{"type":"Feature","geometry":{"type":"Point","coordinates":[2.322698045364326,49.07127500387756]},"properties":{"finess":"950039131","nom":"SAD ADMR","departement":"VAL D OISE"}},{"type":"Feature","geometry":{"type":"Point","coordinates":[2.326256591210633,48.89335877281049]},"properties":{"finess":"750071417","nom":"SAA FAMILI SERVICES","departement":"PARIS"}},{"type":"Feature","geometry":{"type":"Point","coordinates":[-1.532116429096922,47.23819418882825]},"properties":{"finess":"440057057","nom":"SAAD SOUS MON TOIT NANTES","departement":"LOIRE ATLANTIQUE"}},{"type":"Feature","geometry":{"type":"Point","coordinates":[6.175613462441742,48.69266279270253]},"properties":{"finess":"540024882","nom":"SAAD SOUS MONTOIT","departement":"MEURTHE ET MOSELLE"}},{"type":"Feature","geometry":{"type":"Point","coordinates":[6.144921501379146,48.79262518391332]},"properties":{"finess":"540021979","nom":"SAAD DESTIA NANCY","departement":"MEURTHE ET MOSELLE"}},{"type":"Feature","geometry":{"type":"Point","coordinates":[1.413220735796031,43.69213028004947]},"properties":{"finess":"310028089","nom":"AIDE A DOMICILE SERVICE PLUS","departement":"HAUTE GARONNE"}},{"type":"Feature","geometry":{"type":"Point","coordinates":[2.908282900229313,42.70334263815324]},"properties":{"finess":"660010752","nom":"SAAD ADHEO SERVICES PERPIGNAN","departement":"PYRENEES ORIENTALES"}},{"type":"Feature","geometry":{"type":"Point","coordinates":[5.212371701718552,46.19166371899268]},"properties":{"finess":"010012029","nom":"SAAD ADHEO SERVICES","departement":"AIN"}},{"type":"Feature","geometry":{"type":"Point","coordinates":[2.655110850184894,48.51831222074173]},"properties":{"finess":"770022762","nom":"A2MICILE REGION CENTRE LA ROCHETTE","departement":"SEINE ET MARNE"}},{"type":"Feature","geometry":{"type":"Point","coordinates":[3.623716138143012,49.57035037803256]},"properties":{"finess":"020017067","nom":"SAAD DOMALIANCE AISNE","departement":"AISNE"}},{"type":"Feature","geometry":{"type":"Point","coordinates":[6.012827464487524,47.2566320491076]},"properties":{"finess":"250020088","nom":"SAAD 1 DISPENSABLE","departement":"DOUBS"}},{"type":"Feature","geometry":{"type":"Point","coordinates":[5.163805011274689,48.77178428014867]},"properties":{"finess":"550007165","nom":"SAAD AZAE A2MICILE BAR LE DUC","departement":"MEUSE"}},{"type":"Feature","geometry":{"type":"Point","coordinates":[5.396771497381848,49.16396623327844]},"properties":{"finess":"550008551","nom":"SAAD AZAE A2MICILE VERDUN","departement":"MEUSE"}},{"type":"Feature","geometry":{"type":"Point","coordinates":[4.419689721586481,46.80610542973883]},"properties":{"finess":"710018250","nom":"SAAD DOMALIANCE LE CREUSOT","departement":"SAONE ET LOIRE"}},{"type":"Feature","geometry":{"type":"Point","coordinates":[3.093542998974077,50.66005267114335]},"properties":{"finess":"590053211","nom":"AZAE LILLE EST","departement":"NORD"}},{"type":"Feature","geometry":{"type":"Point","coordinates":[3.148293638916105,50.67520733317603]},"properties":{"finess":"590053831","nom":"AZAE LILLE NORD","departement":"NORD"}},{"type":"Feature","geometry":{"type":"Point","coordinates":[3.425933162482424,50.4470496977228]},"properties":{"finess":"590811725","nom":"SCE D'AIDE A DOMICILE","departement":"NORD"}},{"type":"Feature","geometry":{"type":"Point","coordinates":[2.638025913719972,50.64168762552678]},"properties":{"finess":"590070009","nom":"AZAÉ HAZEBROUCK","departement":"NORD"}},{"type":"Feature","geometry":{"type":"Point","coordinates":[2.380581472661895,51.03227495197613]},"properties":{"finess":"590067831","nom":"SAAD AZAÉ DUNKERQUE","departement":"NORD"}},{"type":"Feature","geometry":{"type":"Point","coordinates":[2.556789658055329,50.47846643715362]},"properties":{"finess":"620030478","nom":"SAD SARL R9 02 HOME SERVICE","departement":"PAS DE CALAIS"}},{"type":"Feature","geometry":{"type":"Point","coordinates":[3.03190150645689,43.18040505721345]},"properties":{"finess":"110008034","nom":"SAAD ASSISTANCE DEPENDANCE SERVICE","departement":"AUDE"}},{"type":"Feature","geometry":{"type":"Point","coordinates":[7.050821552266919,43.66589180497244]},"properties":{"finess":"060026689","nom":"SAAD CCAS ROQUEFORT LES PINS","departement":"ALPES MARITIMES"}},{"type":"Feature","geometry":{"type":"Point","coordinates":[1.735035658248676,48.99649194068178]},"properties":{"finess":"780024758","nom":"SAAD AASM","departement":"YVELINES"}},{"type":"Feature","geometry":{"type":"Point","coordinates":[4.852831636663489,43.88237176120988]},"properties":{"finess":"130793425","nom":"SAAD CCAS CHATEAURENARD","departement":"BOUCHES DU RHONE"}},{"type":"Feature","geometry":{"type":"Point","coordinates":[5.455194465468656,43.52740070526629]},"properties":{"finess":"130054448","nom":"SAAD DOMUSVI DOMICILE AIX","departement":"BOUCHES DU RHONE"}},{"type":"Feature","geometry":{"type":"Point","coordinates":[5.394036871143048,43.2557783678524]},"properties":{"finess":"130054455","nom":"SAAD DOMUSVI DOMICILE MARSEILLE","departement":"BOUCHES DU RHONE"}},{"type":"Feature","geometry":{"type":"Point","coordinates":[2.126925665747203,48.7988699166288]},"properties":{"finess":"780026381","nom":"SAAD DOMUSVI DOMICILE","departement":"YVELINES"}},{"type":"Feature","geometry":{"type":"Point","coordinates":[2.481582015511458,48.70069800763166]},"properties":{"finess":"910024611","nom":"SAA SABTILE (AP SERVICES)","departement":"ESSONNE"}},{"type":"Feature","geometry":{"type":"Point","coordinates":[-0.1159704836611268,49.28675657225256]},"properties":{"finess":"140032111","nom":"SAD ANS'EMBLE AU QUOTIDIEN","departement":"CALVADOS"}},{"type":"Feature","geometry":{"type":"Point","coordinates":[-0.3682492721928106,49.17962167182345]},"properties":{"finess":"140029455","nom":"SAAD CAEN  DOMIDOM SERVICES","departement":"CALVADOS"}},{"type":"Feature","geometry":{"type":"Point","coordinates":[-61.04005982331533,14.63001419815016]},"properties":{"finess":"970213849","nom":"VIVRA'DOM SERVICES ANTILLES","departement":"MARTINIQUE"}},{"type":"Feature","geometry":{"type":"Point","coordinates":[1.451880630474923,43.60823063534315]},"properties":{"finess":"310029442","nom":"SAD DOMCONFORT","departement":"HAUTE GARONNE"}},{"type":"Feature","geometry":{"type":"Point","coordinates":[1.295570583310607,43.72630925672989]},"properties":{"finess":"310031919","nom":"SAD DOMCONFORT MERVILLE","departement":"HAUTE GARONNE"}},{"type":"Feature","geometry":{"type":"Point","coordinates":[0.2045215392606048,49.70775678438788]},"properties":{"finess":"760795484","nom":"SAAD ASS AIDE DOMICILE D'ETRETAT AADE","departement":"SEINE MARITIME"}},{"type":"Feature","geometry":{"type":"Point","coordinates":[4.89996549602377,45.67169855912564]},"properties":{"finess":"690051925","nom":"O2 CORBAS","departement":"RHONE"}},{"type":"Feature","geometry":{"type":"Point","coordinates":[7.769088027001902,48.57330574562688]},"properties":{"finess":"670019710","nom":"SAAD L'ARCHE STRASBOURG","departement":"BAS RHIN"}},{"type":"Feature","geometry":{"type":"Point","coordinates":[2.475558313982548,48.60859722068597]},"properties":{"finess":"910022995","nom":"SAAD DOM PAGES SERVICES","departement":"ESSONNE"}},{"type":"Feature","geometry":{"type":"Point","coordinates":[7.047639588248508,43.62285458179328]},"properties":{"finess":"060026549","nom":"SAAD ASSOCIATION EMPLOIS FAM ANTIPOLIS","departement":"ALPES MARITIMES"}},{"type":"Feature","geometry":{"type":"Point","coordinates":[55.67615479795563,-20.99522318328373]},"properties":{"finess":"970411567","nom":"SAAD - JML SAP","departement":"LA REUNION"}},{"type":"Feature","geometry":{"type":"Point","coordinates":[2.327921288193498,48.98839008213864]},"properties":{"finess":"950014522","nom":"SAD CCAS  MONTMORENCY","departement":"VAL D OISE"}},{"type":"Feature","geometry":{"type":"Point","coordinates":[2.982663184822757,50.61078217813937]},"properties":{"finess":"590793493","nom":"SCE AIDE A DOMICILE","departement":"NORD"}},{"type":"Feature","geometry":{"type":"Point","coordinates":[6.649343763685769,44.66102056321031]},"properties":{"finess":"050008499","nom":"SAAD DU GUILLESTROIS ET QUEYRAS","departement":"HAUTES ALPES"}},{"type":"Feature","geometry":{"type":"Point","coordinates":[5.470908069950249,43.45656331027968]},"properties":{"finess":"130048820","nom":"SAAD CCAS GARDANNE","departement":"BOUCHES DU RHONE"}},{"type":"Feature","geometry":{"type":"Point","coordinates":[2.57787010468106,48.87191303608883]},"properties":{"finess":"770024214","nom":"SAAD ASA PAR","departement":"SEINE ET MARNE"}},{"type":"Feature","geometry":{"type":"Point","coordinates":[6.986661183788875,43.59785100457702]},"properties":{"finess":"060026663","nom":"SAAD CCAS MOUGINS","departement":"ALPES MARITIMES"}},{"type":"Feature","geometry":{"type":"Point","coordinates":[2.045695792332651,48.92756467858023]},"properties":{"finess":"780030797","nom":"SAAD DOMUSVI DOMICILE","departement":"YVELINES"}},{"type":"Feature","geometry":{"type":"Point","coordinates":[2.247119575239854,48.83492209466667]},"properties":{"finess":"920033784","nom":"SAD ADVITAM","departement":"HAUTS DE SEINE"}},{"type":"Feature","geometry":{"type":"Point","coordinates":[1.088205939877268,49.43928334978501]},"properties":{"finess":"760026955","nom":"SAAD DOMIDOM SERVICES ROUEN","departement":"SEINE MARITIME"}},{"type":"Feature","geometry":{"type":"Point","coordinates":[3.952293103190709,49.04339797029566]},"properties":{"finess":"510026727","nom":"SAAD CENTRE SERVICES SPARNACIEN","departement":"MARNE"}},{"type":"Feature","geometry":{"type":"Point","coordinates":[1.403810688828114,43.56475919234057]},"properties":{"finess":"310029780","nom":"SAAD LE TEMPS DES VIOLETTES","departement":"HAUTE GARONNE"}},{"type":"Feature","geometry":{"type":"Point","coordinates":[-1.145649496470631,44.63253331182663]},"properties":{"finess":"330063470","nom":"SAAD FREE DOM BASSIN D'ARCACHON","departement":"GIRONDE"}},{"type":"Feature","geometry":{"type":"Point","coordinates":[2.745172104155233,50.73217971664146]},"properties":{"finess":"590055232","nom":"SAD ADENIOR BAILLEUL","departement":"NORD"}},{"type":"Feature","geometry":{"type":"Point","coordinates":[0.3400565268958131,46.58858175358972]},"properties":{"finess":"860014976","nom":"SAA DESTIA SOUS MON TOIT","departement":"VIENNE"}},{"type":"Feature","geometry":{"type":"Point","coordinates":[2.343692465899875,49.02915205013541]},"properties":{"finess":"950034264","nom":"SAD LA VIE FACILE","departement":"VAL D OISE"}},{"type":"Feature","geometry":{"type":"Point","coordinates":[2.240096393821569,48.90146578472223]},"properties":{"finess":"920033495","nom":"SAD ADOMI PLUS","departement":"HAUTS DE SEINE"}},{"type":"Feature","geometry":{"type":"Point","coordinates":[-1.136017414100319,45.76800106842294]},"properties":{"finess":"170025340","nom":"SAA DOMITYS LA PERLE DE NACRE","departement":"CHARENTE MARITIME"}},{"type":"Feature","geometry":{"type":"Point","coordinates":[-0.6202266776169048,45.71319392942739]},"properties":{"finess":"170025357","nom":"SAA DOMITYS LA SEIGNEURIE","departement":"CHARENTE MARITIME"}},{"type":"Feature","geometry":{"type":"Point","coordinates":[-1.065931442009578,46.18825122490616]},"properties":{"finess":"170025365","nom":"SAA DOMITYS LE CLOS DU CEDRE","departement":"CHARENTE MARITIME"}},{"type":"Feature","geometry":{"type":"Point","coordinates":[-1.036334859353902,45.63402866308626]},"properties":{"finess":"170025373","nom":"SAA DOMITYS LE GALION D'OR","departement":"CHARENTE MARITIME"}},{"type":"Feature","geometry":{"type":"Point","coordinates":[-1.115305110712443,46.18118012401161]},"properties":{"finess":"170025332","nom":"SAA DOMITYS LES VIGNES POURPRES","departement":"CHARENTE MARITIME"}},{"type":"Feature","geometry":{"type":"Point","coordinates":[-0.4705356440306313,46.31572401864543]},"properties":{"finess":"790020176","nom":"SAD AMICIAL NIORT","departement":"DEUX SEVRES"}},{"type":"Feature","geometry":{"type":"Point","coordinates":[0.7222018376685801,43.10643258724433]},"properties":{"finess":"310030291","nom":"SAAD QUALYSERVI'S","departement":"HAUTE GARONNE"}},{"type":"Feature","geometry":{"type":"Point","coordinates":[0.9601913819103761,43.1039896737141]},"properties":{"finess":"310034145","nom":"SAAD QUALYSERVI'S SALIES-DU-SALAT","departement":"HAUTE GARONNE"}},{"type":"Feature","geometry":{"type":"Point","coordinates":[0.2029574380164886,47.99747503082784]},"properties":{"finess":"720021526","nom":"SAAD MAINTIEN ADOM LE MANS","departement":"SARTHE"}},{"type":"Feature","geometry":{"type":"Point","coordinates":[4.458546587017464,44.56999475155978]},"properties":{"finess":"070008495","nom":"SAAD LA VIE EN ROSE","departement":"ARDECHE"}},{"type":"Feature","geometry":{"type":"Point","coordinates":[-0.4496687023364485,46.3292398455842]},"properties":{"finess":"790020754","nom":"SAD ESPACE ET VIE - G2L NIORT","departement":"DEUX SEVRES"}},{"type":"Feature","geometry":{"type":"Point","coordinates":[-1.636733401521724,48.09290258622293]},"properties":{"finess":"350055463","nom":"SAAD G2L RENNES POTERIE ESPACE ET VIE","departement":"ILLE ET VILAINE"}},{"type":"Feature","geometry":{"type":"Point","coordinates":[2.220428443713657,48.8663045923366]},"properties":{"finess":"920040839","nom":"ALLAINCE VIE","departement":"HAUTS DE SEINE"}},{"type":"Feature","geometry":{"type":"Point","coordinates":[6.745709518873874,43.47263184945291]},"properties":{"finess":"830022315","nom":"SAAD BELVIE","departement":"VAR"}},{"type":"Feature","geometry":{"type":"Point","coordinates":[0.6055019858654369,47.40035293955864]},"properties":{"finess":"370015422","nom":"SAAD DOMITYS CLOS DE LA CHEMINEE RONDE","departement":"INDRE ET LOIRE"}},{"type":"Feature","geometry":{"type":"Point","coordinates":[0.6987833116473708,47.38933125014837]},"properties":{"finess":"370015455","nom":"SAAD DOMITYS COEUR DE LOIRE","departement":"INDRE ET LOIRE"}},{"type":"Feature","geometry":{"type":"Point","coordinates":[0.6644566186632366,47.35278805916695]},"properties":{"finess":"370015729","nom":"SAAD DOMITYS LA JOCONDIE","departement":"INDRE ET LOIRE"}},{"type":"Feature","geometry":{"type":"Point","coordinates":[0.6870485725243382,47.40788911599581]},"properties":{"finess":"370015430","nom":"SAAD DOMITYS LE PARC DE BELMONT","departement":"INDRE ET LOIRE"}},{"type":"Feature","geometry":{"type":"Point","coordinates":[0.9786971855793444,47.4094303108851]},"properties":{"finess":"370015448","nom":"SAAD DOMITYS LE PARC DE VINCI","departement":"INDRE ET LOIRE"}},{"type":"Feature","geometry":{"type":"Point","coordinates":[2.983593569169749,50.54316723814045]},"properties":{"finess":"590062113","nom":"SAAD GONDECOURT","departement":"NORD"}},{"type":"Feature","geometry":{"type":"Point","coordinates":[1.125569797056228,49.88043921413389]},"properties":{"finess":"760793273","nom":"SAAD CIAP ARQUES LA BATAILLE","departement":"SEINE MARITIME"}},{"type":"Feature","geometry":{"type":"Point","coordinates":[-0.2228716279383464,46.65202431593752]},"properties":{"finess":"790020135","nom":"SAAD DOMITYS LE CHATEAU DES PLANS","departement":"DEUX SEVRES"}},{"type":"Feature","geometry":{"type":"Point","coordinates":[7.332163790930439,47.79152436502253]},"properties":{"finess":"680021771","nom":"SAAD DOMITYS L'ORGANDI","departement":"HAUT RHIN"}},{"type":"Feature","geometry":{"type":"Point","coordinates":[-0.4978846961134061,43.88937725521173]},"properties":{"finess":"400016523","nom":"SAA DOMITYS LES CRAIES BLANCHES","departement":"LANDES"}},{"type":"Feature","geometry":{"type":"Point","coordinates":[-1.046416940207351,43.70538538539974]},"properties":{"finess":"400014700","nom":"SAA DOMITYS LES SOURCES DE GASCOGNE","departement":"LANDES"}},{"type":"Feature","geometry":{"type":"Point","coordinates":[1.828211542060112,48.62134031225818]},"properties":{"finess":"780031431","nom":"A2MICILE RAMBOUILLET","departement":"YVELINES"}},{"type":"Feature","geometry":{"type":"Point","coordinates":[2.734840602314225,48.41248661519374]},"properties":{"finess":"770016079","nom":"SAAD SERVICE DE MAINTIEN A DOMICILE","departement":"SEINE ET MARNE"}},{"type":"Feature","geometry":{"type":"Point","coordinates":[0.8916411962310233,47.59052184781125]},"properties":{"finess":"370014094","nom":"TI SERVICES A DOM","departement":"INDRE ET LOIRE"}},{"type":"Feature","geometry":{"type":"Point","coordinates":[4.359982123971189,48.95886237648398]},"properties":{"finess":"510027709","nom":"SAAD RESIDENCE DOMITYS LA CLEF DES ART","departement":"MARNE"}},{"type":"Feature","geometry":{"type":"Point","coordinates":[4.590798556700491,48.72706124493796]},"properties":{"finess":"510027212","nom":"SAAD RESIDENCE DOMITYS LA SALAMANDRE","departement":"MARNE"}},{"type":"Feature","geometry":{"type":"Point","coordinates":[3.998770966973366,49.22058634707717]},"properties":{"finess":"510026065","nom":"SAAD RESIDENCE LES HAUTES DE FEUILLES","departement":"MARNE"}},{"type":"Feature","geometry":{"type":"Point","coordinates":[-3.275137211017802,47.8058513963363]},"properties":{"finess":"560012791","nom":"SAAD CCAS HENNEBONT","departement":"MORBIHAN"}},{"type":"Feature","geometry":{"type":"Point","coordinates":[-1.128193382056586,46.13455433774072]},"properties":{"finess":"170025258","nom":"SAAD VITALLIANCE LA ROCHELLE","departement":"CHARENTE MARITIME"}},{"type":"Feature","geometry":{"type":"Point","coordinates":[-1.032997676777941,45.6222546521787]},"properties":{"finess":"170026470","nom":"SAAD VITALLIANCE ROYAN","departement":"CHARENTE MARITIME"}},{"type":"Feature","geometry":{"type":"Point","coordinates":[1.712700632951219,48.98815775377054]},"properties":{"finess":"780031704","nom":"SAA VITALLIANCE MANTES LA JOLIE","departement":"YVELINES"}},{"type":"Feature","geometry":{"type":"Point","coordinates":[-1.533687520708597,47.55268643569728]},"properties":{"finess":"440059640","nom":"SAA VITALLIANCE CHATEAUBRIANT","departement":"LOIRE ATLANTIQUE"}},{"type":"Feature","geometry":{"type":"Point","coordinates":[-1.525099397774778,47.21616116893006]},"properties":{"finess":"440056497","nom":"SAA VITALLIANCE NANTES","departement":"LOIRE ATLANTIQUE"}},{"type":"Feature","geometry":{"type":"Point","coordinates":[-1.549776185810571,47.18822736210832]},"properties":{"finess":"440063824","nom":"SAA VITALLIANCE REZE","departement":"LOIRE ATLANTIQUE"}},{"type":"Feature","geometry":{"type":"Point","coordinates":[-2.215564145039831,47.27871476650356]},"properties":{"finess":"440059632","nom":"SAA VITALLIANCE SAINT NAZAIRE","departement":"LOIRE ATLANTIQUE"}},{"type":"Feature","geometry":{"type":"Point","coordinates":[-1.627761918285527,47.23177737402766]},"properties":{"finess":"440063832","nom":"SAA VITALLIANCE ST HERBLAIN","departement":"LOIRE ATLANTIQUE"}},{"type":"Feature","geometry":{"type":"Point","coordinates":[5.386465199769852,43.28181246012095]},"properties":{"finess":"130050040","nom":"SAAD VITALLIANCE","departement":"BOUCHES DU RHONE"}},{"type":"Feature","geometry":{"type":"Point","coordinates":[2.289235970388789,49.14142286794612]},"properties":{"finess":"950033845","nom":"SAA AMELIS DOMICILE SCES BEAUMONT","departement":"VAL D OISE"}},{"type":"Feature","geometry":{"type":"Point","coordinates":[0.6987755195188845,47.38923473298998]},"properties":{"finess":"370014888","nom":"SAAD DOMICIL +","departement":"INDRE ET LOIRE"}},{"type":"Feature","geometry":{"type":"Point","coordinates":[-1.159411826309939,46.14118370261247]},"properties":{"finess":"170025241","nom":"SAA DOMICIL+","departement":"CHARENTE MARITIME"}},{"type":"Feature","geometry":{"type":"Point","coordinates":[3.804332627731358,43.613707043159]},"properties":{"finess":"340024249","nom":"SAD \"APEF\"","departement":"HERAULT"}},{"type":"Feature","geometry":{"type":"Point","coordinates":[3.692761270209168,43.40843638724605]},"properties":{"finess":"340024256","nom":"SAD \"APEF\"","departement":"HERAULT"}},{"type":"Feature","geometry":{"type":"Point","coordinates":[4.846075650244824,45.77493432851276]},"properties":{"finess":"690049721","nom":"SAAD VIVRE ET DOMICILE - LYON 6","departement":"RHONE"}},{"type":"Feature","geometry":{"type":"Point","coordinates":[-0.2581424213289699,49.28824334361627]},"properties":{"finess":"140034018","nom":"SAAD LES JARDINS D'ARCADIE","departement":"CALVADOS"}},{"type":"Feature","geometry":{"type":"Point","coordinates":[1.140490132969771,49.43798852408003]},"properties":{"finess":"760039073","nom":"SAAD CAP'SERVICES DARNETAL","departement":"SEINE MARITIME"}},{"type":"Feature","geometry":{"type":"Point","coordinates":[7.147434440139823,43.65772976043948]},"properties":{"finess":"060788171","nom":"SAAD SERVICE AIDE MENAGERE CAGNES","departement":"ALPES MARITIMES"}},{"type":"Feature","geometry":{"type":"Point","coordinates":[2.921579658687637,49.50922295127432]},"properties":{"finess":"600016307","nom":"SAAD HM SERVICES","departement":"OISE"}},{"type":"Feature","geometry":{"type":"Point","coordinates":[0.1640262208974177,45.647628421655]},"properties":{"finess":"160016788","nom":"SAAD RESIDENCE VILLA DE BURY","departement":"CHARENTE"}},{"type":"Feature","geometry":{"type":"Point","coordinates":[2.789128881084159,49.69775848647101]},"properties":{"finess":"800008187","nom":"SERVICE D'AIDE-MENAGERES","departement":"SOMME"}},{"type":"Feature","geometry":{"type":"Point","coordinates":[0.1921838803536734,47.97396408354398]},"properties":{"finess":"720020874","nom":"SAAD A A Z SERVICES","departement":"SARTHE"}},{"type":"Feature","geometry":{"type":"Point","coordinates":[3.089031839894811,50.59054758402276]},"properties":{"finess":"590066619","nom":"SAAD LE MOULIN DES FLANDRES","departement":"NORD"}},{"type":"Feature","geometry":{"type":"Point","coordinates":[5.362866952566932,43.28914468949541]},"properties":{"finess":"130049869","nom":"SAAD ADHAP SERVICES MADO","departement":"BOUCHES DU RHONE"}},{"type":"Feature","geometry":{"type":"Point","coordinates":[2.485618753062742,48.80139068264549]},"properties":{"finess":"940029945","nom":"SAAD DOMUSVI DOMICILE SAINT MAUR","departement":"VAL DE MARNE"}},{"type":"Feature","geometry":{"type":"Point","coordinates":[7.287601421545587,43.73851360114207]},"properties":{"finess":"060027539","nom":"SAAD CCAS SAINT ANDRE DE LA ROCHE","departement":"ALPES MARITIMES"}},{"type":"Feature","geometry":{"type":"Point","coordinates":[2.19905190845662,49.00904518899629]},"properties":{"finess":"950045997","nom":"SAA TRISKELL SERVICES","departement":"VAL D OISE"}},{"type":"Feature","geometry":{"type":"Point","coordinates":[3.08318150034171,45.76800575653048]},"properties":{"finess":"630012490","nom":"SAD O2 CLERMONT","departement":"PUY DE DOME"}},{"type":"Feature","geometry":{"type":"Point","coordinates":[-1.516055922803168,47.26284100547312]},"properties":{"finess":"440054690","nom":"SAAD CONFIEZ-NOUS","departement":"LOIRE ATLANTIQUE"}},{"type":"Feature","geometry":{"type":"Point","coordinates":[0.2226714191831229,44.84306040796199]},"properties":{"finess":"330011438","nom":"SAA CIAS PAYS FOYEN","departement":"GIRONDE"}},{"type":"Feature","geometry":{"type":"Point","coordinates":[-0.7592206081930545,48.06104591031044]},"properties":{"finess":"530009471","nom":"SAAD SMS DOMICILE","departement":"MAYENNE"}},{"type":"Feature","geometry":{"type":"Point","coordinates":[7.013362656607367,43.55569542935118]},"properties":{"finess":"060026655","nom":"SAAD CCAS CANNES","departement":"ALPES MARITIMES"}},{"type":"Feature","geometry":{"type":"Point","coordinates":[2.401833344754322,48.74227618843634]},"properties":{"finess":"940027527","nom":"SAAD SOLEIL94","departement":"VAL DE MARNE"}},{"type":"Feature","geometry":{"type":"Point","coordinates":[-3.336032400206862,47.91553284677502]},"properties":{"finess":"560029183","nom":"SAD JUNIOR SÉNIOR PLOUAY","departement":"MORBIHAN"}},{"type":"Feature","geometry":{"type":"Point","coordinates":[1.079797286185605,49.92840091244175]},"properties":{"finess":"760795161","nom":"SAAD CCAS DIEPPE","departement":"SEINE MARITIME"}},{"type":"Feature","geometry":{"type":"Point","coordinates":[5.969867249099019,44.12876983507476]},"properties":{"finess":"040006116","nom":"SAAD LE TEMPS DES CERISES","departement":"ALPES DE HAUTE PROVENCE"}},{"type":"Feature","geometry":{"type":"Point","coordinates":[2.739212073550712,48.8586460807919]},"properties":{"finess":"770021103","nom":"SAAD LES TEMPLITUDES","departement":"SEINE ET MARNE"}},{"type":"Feature","geometry":{"type":"Point","coordinates":[2.047166452677763,48.93035710080816]},"properties":{"finess":"780027488","nom":"SAAD ALLIANCE VIE","departement":"YVELINES"}},{"type":"Feature","geometry":{"type":"Point","coordinates":[1.446886120489378,50.10138038020346]},"properties":{"finess":"800007932","nom":"SERVICE D'AIDE-MENAGERES","departement":"SOMME"}},{"type":"Feature","geometry":{"type":"Point","coordinates":[0.02096943286205806,48.28200209859661]},"properties":{"finess":"720021542","nom":"SAAD VIVRE ADOM","departement":"SARTHE"}},{"type":"Feature","geometry":{"type":"Point","coordinates":[2.455637694865002,48.74164409813189]},"properties":{"finess":"940027923","nom":"SAAD CCAS DE VILLENEUVE SAINT GEORGES","departement":"VAL DE MARNE"}},{"type":"Feature","geometry":{"type":"Point","coordinates":[5.379166896509719,43.26799437737307]},"properties":{"finess":"130050230","nom":"SAAD TENDRE UNE MAIN MARSEILLE 8","departement":"BOUCHES DU RHONE"}},{"type":"Feature","geometry":{"type":"Point","coordinates":[5.238959347152184,43.42220705687588]},"properties":{"finess":"130054372","nom":"SAAD TENDRE UNE MAIN SAINT-VICTORET","departement":"BOUCHES DU RHONE"}},{"type":"Feature","geometry":{"type":"Point","coordinates":[4.627209649669204,43.67567145057888]},"properties":{"finess":"130054380","nom":"SAAD TENDRE UNE MAIN SALIN-DE-GIRAUD","departement":"BOUCHES DU RHONE"}},{"type":"Feature","geometry":{"type":"Point","coordinates":[6.438686081633837,48.19769501238846]},"properties":{"finess":"880010681","nom":"SAA VITALLIANCE","departement":"VOSGES"}},{"type":"Feature","geometry":{"type":"Point","coordinates":[0.8276641791759518,47.28194923325196]},"properties":{"finess":"370014961","nom":"VIVRE AUTREMENT EN TOUTE AUTONOMIE","departement":"INDRE ET LOIRE"}},{"type":"Feature","geometry":{"type":"Point","coordinates":[2.688833430135958,48.26673993341974]},"properties":{"finess":"770024867","nom":"SAAD ASPR-77","departement":"SEINE ET MARNE"}},{"type":"Feature","geometry":{"type":"Point","coordinates":[2.99854465364117,43.18366678833465]},"properties":{"finess":"110008018","nom":"SAAD APEF NARBONNE","departement":"AUDE"}},{"type":"Feature","geometry":{"type":"Point","coordinates":[4.128326897908313,43.66899875932123]},"properties":{"finess":"340024280","nom":"SAAD APEF SERVICES LUNEL","departement":"HERAULT"}},{"type":"Feature","geometry":{"type":"Point","coordinates":[3.898246579124764,43.61346538422801]},"properties":{"finess":"340024272","nom":"SAAD APEF SERVICES MONTPELLIER","departement":"HERAULT"}},{"type":"Feature","geometry":{"type":"Point","coordinates":[4.080221651781739,43.56023008111551]},"properties":{"finess":"340024207","nom":"SAAD APEF SERVICES LA GRANDE MOTTE","departement":"HERAULT"}},{"type":"Feature","geometry":{"type":"Point","coordinates":[3.061221609455746,50.6302473210166]},"properties":{"finess":"590053633","nom":"SAD ADENIOR LILLE","departement":"NORD"}},{"type":"Feature","geometry":{"type":"Point","coordinates":[6.002177016610543,45.43640576039824]},"properties":{"finess":"380023663","nom":"SAA AMP VIVRE EN TOUTE SERENITE A DOM","departement":"ISERE"}},{"type":"Feature","geometry":{"type":"Point","coordinates":[-2.237344084983742,47.28379976551387]},"properties":{"finess":"440057636","nom":"SAAD RESID DOMITYS PORTES ATLANTIQUE","departement":"LOIRE ATLANTIQUE"}},{"type":"Feature","geometry":{"type":"Point","coordinates":[3.03991398979683,42.6038969152259]},"properties":{"finess":"660011867","nom":"SAD DOMITYS SD EST LES DUNES D'ARGENT","departement":"PYRENEES ORIENTALES"}},{"type":"Feature","geometry":{"type":"Point","coordinates":[2.868256867296606,42.69308617906071]},"properties":{"finess":"660011859","nom":"SAD DOMITYS SUD EST LES TOURS D'OR","departement":"PYRENEES ORIENTALES"}},{"type":"Feature","geometry":{"type":"Point","coordinates":[-1.682258187382715,48.15384614790457]},"properties":{"finess":"350052882","nom":"SAD AZAE RENNES","departement":"ILLE ET VILAINE"}},{"type":"Feature","geometry":{"type":"Point","coordinates":[-1.982785342774264,48.63442205691793]},"properties":{"finess":"350053195","nom":"SAD AZAE SAINT MALO","departement":"ILLE ET VILAINE"}},{"type":"Feature","geometry":{"type":"Point","coordinates":[-1.683865382776422,48.10219396182224]},"properties":{"finess":"350051124","nom":"SAAD BIEN A LA MAISON","departement":"ILLE ET VILAINE"}},{"type":"Feature","geometry":{"type":"Point","coordinates":[4.027715856957081,49.25815057620166]},"properties":{"finess":"510024771","nom":"SAD ONELA BIEN A LA MAISON REIMS","departement":"MARNE"}},{"type":"Feature","geometry":{"type":"Point","coordinates":[2.539788492936874,48.81979684191718]},"properties":{"finess":"940024409","nom":"SAAD DOMITYS LES RAISINS BLEUS","departement":"VAL DE MARNE"}},{"type":"Feature","geometry":{"type":"Point","coordinates":[5.293012382269337,46.28825570642092]},"properties":{"finess":"010006963","nom":"SAAD ADMR BRESSE-REVERMONT","departement":"AIN"}},{"type":"Feature","geometry":{"type":"Point","coordinates":[5.028768844225413,46.0017277985548]},"properties":{"finess":"010007094","nom":"SAAD ADMR CENTRE-DOMBES","departement":"AIN"}},{"type":"Feature","geometry":{"type":"Point","coordinates":[4.805840896166782,46.03058504061545]},"properties":{"finess":"010006740","nom":"SAAD ADMR CHALEINS","departement":"AIN"}},{"type":"Feature","geometry":{"type":"Point","coordinates":[5.001379601700346,45.84017246962139]},"properties":{"finess":"010012250","nom":"SAAD ADMR LA COTIERE","departement":"AIN"}},{"type":"Feature","geometry":{"type":"Point","coordinates":[5.127041306027508,46.33653212574224]},"properties":{"finess":"010006831","nom":"SAAD ADMR MONTREVEL EN BRESSE","departement":"AIN"}},{"type":"Feature","geometry":{"type":"Point","coordinates":[4.902764399763424,45.99786842203948]},"properties":{"finess":"010006641","nom":"SAAD ADMR PORTE DE LA DOMBES","departement":"AIN"}},{"type":"Feature","geometry":{"type":"Point","coordinates":[4.891422626354189,46.33775995655512]},"properties":{"finess":"010006815","nom":"SAAD ADMR RIVE DE SAONE","departement":"AIN"}},{"type":"Feature","geometry":{"type":"Point","coordinates":[5.342572410822291,45.9632649690123]},"properties":{"finess":"010006997","nom":"SAAD ADMR SECTEUR ST-MAURICE-DE-G.","departement":"AIN"}},{"type":"Feature","geometry":{"type":"Point","coordinates":[4.825366556439979,45.93358488280453]},"properties":{"finess":"010006880","nom":"SAAD ADMR SECTEUR VAL-DE-SAONE","departement":"AIN"}},{"type":"Feature","geometry":{"type":"Point","coordinates":[5.222226868775167,45.91941665356825]},"properties":{"finess":"010007144","nom":"SAAD ADMR SECTEUR VILLIEU","departement":"AIN"}},{"type":"Feature","geometry":{"type":"Point","coordinates":[4.950648272928843,45.93374802123346]},"properties":{"finess":"010006914","nom":"SAAD ADMR ST-ANDRE-DE-CORCY","departement":"AIN"}},{"type":"Feature","geometry":{"type":"Point","coordinates":[5.197904530441476,46.20000412385471]},"properties":{"finess":"010006930","nom":"SAAD ADMR ST-DENIS-LES-BOURG","departement":"AIN"}},{"type":"Feature","geometry":{"type":"Point","coordinates":[5.079205138168848,46.46039595814253]},"properties":{"finess":"010007011","nom":"SAAD ADMR ST-TRIVIER DE COURTES.","departement":"AIN"}},{"type":"Feature","geometry":{"type":"Point","coordinates":[4.899860053677215,46.07391903039565]},"properties":{"finess":"010007045","nom":"SAAD ADMR ST-TRIVIER SUR MOIGNANS","departement":"AIN"}},{"type":"Feature","geometry":{"type":"Point","coordinates":[2.826829611832542,48.37076440972313]},"properties":{"finess":"770025641","nom":"SAAD MONOE SERVICES","departement":"SEINE ET MARNE"}},{"type":"Feature","geometry":{"type":"Point","coordinates":[1.480581354977735,43.5388069438028]},"properties":{"finess":"310032107","nom":"SAD GSC","departement":"HAUTE GARONNE"}},{"type":"Feature","geometry":{"type":"Point","coordinates":[7.293133071674068,43.70924624914758]},"properties":{"finess":"060028297","nom":"SAAD SAFA","departement":"ALPES MARITIMES"}},{"type":"Feature","geometry":{"type":"Point","coordinates":[4.598790216649847,43.67869025352721]},"properties":{"finess":"130056062","nom":"SAAD ASSOCIATION HOME SERVICES","departement":"BOUCHES DU RHONE"}},{"type":"Feature","geometry":{"type":"Point","coordinates":[5.47280681085004,43.45169809674447]},"properties":{"finess":"130056070","nom":"SAAD HOME SERVICES","departement":"BOUCHES DU RHONE"}},{"type":"Feature","geometry":{"type":"Point","coordinates":[5.459988077367162,43.2888583160081]},"properties":{"finess":"130056088","nom":"SAAD HOME SERVICES","departement":"BOUCHES DU RHONE"}},{"type":"Feature","geometry":{"type":"Point","coordinates":[5.940253441333395,43.1128131802548]},"properties":{"finess":"830024337","nom":"SAAD HOME SERVICES","departement":"VAR"}},{"type":"Feature","geometry":{"type":"Point","coordinates":[6.729632530101655,43.43316050650018]},"properties":{"finess":"830027546","nom":"SAAD HOME SERVICES","departement":"VAR"}},{"type":"Feature","geometry":{"type":"Point","coordinates":[5.438750907141895,43.52950617896927]},"properties":{"finess":"130054539","nom":"SAAD HOME SERVICES AIX EN PROVENCE","departement":"BOUCHES DU RHONE"}},{"type":"Feature","geometry":{"type":"Point","coordinates":[5.567081406344603,43.29481756321766]},"properties":{"finess":"130054547","nom":"SAAD HOME SERVICES AUBAGNE","departement":"BOUCHES DU RHONE"}},{"type":"Feature","geometry":{"type":"Point","coordinates":[5.593071209630965,43.2013704393086]},"properties":{"finess":"130054588","nom":"SAAD HOME SERVICES LA CIOTAT","departement":"BOUCHES DU RHONE"}},{"type":"Feature","geometry":{"type":"Point","coordinates":[5.393158508333854,43.3447653239352]},"properties":{"finess":"130054521","nom":"SAAD HOME SERVICES MARSEILLE 14","departement":"BOUCHES DU RHONE"}},{"type":"Feature","geometry":{"type":"Point","coordinates":[5.052604556417555,43.41844384014706]},"properties":{"finess":"130054554","nom":"SAAD HOME SERVICES MARTIGUES","departement":"BOUCHES DU RHONE"}},{"type":"Feature","geometry":{"type":"Point","coordinates":[5.092416133881672,43.64056026553098]},"properties":{"finess":"130054562","nom":"SAAD HOME SERVICES SALON DE PROVENCE","departement":"BOUCHES DU RHONE"}},{"type":"Feature","geometry":{"type":"Point","coordinates":[5.24204445637852,43.45632163079893]},"properties":{"finess":"130054570","nom":"SAAD HOME SERVICES VITROLLES","departement":"BOUCHES DU RHONE"}},{"type":"Feature","geometry":{"type":"Point","coordinates":[4.821062454718746,43.93971878934713]},"properties":{"finess":"840020549","nom":"SAAD FD SERVICES SENIOR COMPAGNIE","departement":"VAUCLUSE"}},{"type":"Feature","geometry":{"type":"Point","coordinates":[2.104384687674183,49.047466815305]},"properties":{"finess":"950046284","nom":"SAD O2 CERGY","departement":"VAL D OISE"}},{"type":"Feature","geometry":{"type":"Point","coordinates":[2.301307701657348,48.98811125740045]},"properties":{"finess":"950036723","nom":"SAD AXEO SERVICES","departement":"VAL D OISE"}},{"type":"Feature","geometry":{"type":"Point","coordinates":[2.217324890949282,49.11076660140492]},"properties":{"finess":"950046078","nom":"SAD AXEO SERVICES","departement":"VAL D OISE"}},{"type":"Feature","geometry":{"type":"Point","coordinates":[6.213648454841648,48.70470165347393]},"properties":{"finess":"540016649","nom":"SAD OHS RESIDENCE PARISOT","departement":"MEURTHE ET MOSELLE"}},{"type":"Feature","geometry":{"type":"Point","coordinates":[5.770807947666327,45.06999428875891]},"properties":{"finess":"380022384","nom":"ARC EN CIEL","departement":"ISERE"}},{"type":"Feature","geometry":{"type":"Point","coordinates":[6.687945485633569,43.61927961747507]},"properties":{"finess":"830025060","nom":"SAAD AZUR DEVELOPPEMENT SERVICE","departement":"VAR"}},{"type":"Feature","geometry":{"type":"Point","coordinates":[7.249204877813209,43.72420117823119]},"properties":{"finess":"060028990","nom":"SAAD AZUR DEVELOPPEMENT SERVICE NICE","departement":"ALPES MARITIMES"}},{"type":"Feature","geometry":{"type":"Point","coordinates":[7.054834655362352,48.73446553849188]},"properties":{"finess":"570027508","nom":"SAAD AZAE SARREBOURG","departement":"MOSELLE"}},{"type":"Feature","geometry":{"type":"Point","coordinates":[3.169194768681569,46.98952780438449]},"properties":{"finess":"580006484","nom":"SAAD AZAÉ NEVERS A2MICILE REGION SUD","departement":"NIEVRE"}},{"type":"Feature","geometry":{"type":"Point","coordinates":[2.53039226139928,48.79637474026366]},"properties":{"finess":"940026495","nom":"SAA NURSING CARE CHENNEVIERES","departement":"VAL DE MARNE"}},{"type":"Feature","geometry":{"type":"Point","coordinates":[1.390058284549924,43.83320735729998]},"properties":{"finess":"310029848","nom":"SAD SARL  M.V.S.","departement":"HAUTE GARONNE"}},{"type":"Feature","geometry":{"type":"Point","coordinates":[-1.937206744379194,47.80839560026541]},"properties":{"finess":"350054169","nom":"SAAD C&C PARTAGES SERVICES","departement":"ILLE ET VILAINE"}},{"type":"Feature","geometry":{"type":"Point","coordinates":[-1.770429932911269,48.14513957783199]},"properties":{"finess":"350055059","nom":"SAAD C&C PARTAGES SERVICES","departement":"ILLE ET VILAINE"}},{"type":"Feature","geometry":{"type":"Point","coordinates":[7.244673024411078,43.69108944517911]},"properties":{"finess":"060028255","nom":"SAAD RAYON DE SOLEIL COTE D'AZUR","departement":"ALPES MARITIMES"}},{"type":"Feature","geometry":{"type":"Point","coordinates":[5.461303037950829,43.34538443337821]},"properties":{"finess":"130049083","nom":"SAAD CASAP DU CANTON VERT","departement":"BOUCHES DU RHONE"}},{"type":"Feature","geometry":{"type":"Point","coordinates":[4.814164801055973,45.75787969158836]},"properties":{"finess":"690026380","nom":"SAAD MAXI AIDE GRAND LYON","departement":"RHONE"}},{"type":"Feature","geometry":{"type":"Point","coordinates":[0.3850925050170526,49.75796201853417]},"properties":{"finess":"760795526","nom":"SAAD CCAS FECAMP","departement":"SEINE MARITIME"}},{"type":"Feature","geometry":{"type":"Point","coordinates":[4.060173007412688,46.60164920970531]},"properties":{"finess":"710017278","nom":"SAAD ADMR GUEUGNON","departement":"SAONE ET LOIRE"}},{"type":"Feature","geometry":{"type":"Point","coordinates":[-0.5837065810336975,44.84161778866866]},"properties":{"finess":"330063132","nom":"SAA ADHAP","departement":"GIRONDE"}},{"type":"Feature","geometry":{"type":"Point","coordinates":[-0.6719850471574509,44.82618035213137]},"properties":{"finess":"330064379","nom":"SAAD O2 BORDEAUX MERIGNAC","departement":"GIRONDE"}},{"type":"Feature","geometry":{"type":"Point","coordinates":[-0.3532985581658136,49.17017661764203]},"properties":{"finess":"140029570","nom":"GDS CAEN SERVICES","departement":"CALVADOS"}},{"type":"Feature","geometry":{"type":"Point","coordinates":[6.153517037347461,48.67603895103115]},"properties":{"finess":"540019502","nom":"SAAD VILLE ET SERVICES","departement":"MEURTHE ET MOSELLE"}},{"type":"Feature","geometry":{"type":"Point","coordinates":[6.106360481864329,45.8900054198559]},"properties":{"finess":"740018361","nom":"SAAD SEYNOD VILLA SULLY","departement":"HAUTE SAVOIE"}},{"type":"Feature","geometry":{"type":"Point","coordinates":[7.260398568460633,43.70707142242186]},"properties":{"finess":"060026622","nom":"SAAD GERIATRIE SERVICE ASSISTANCE","departement":"ALPES MARITIMES"}},{"type":"Feature","geometry":{"type":"Point","coordinates":[1.258592931606348,45.8386203700863]},"properties":{"finess":"870018348","nom":"SAAD AIDES ET SERVICES 87","departement":"HAUTE VIENNE"}},{"type":"Feature","geometry":{"type":"Point","coordinates":[-0.1380079063830954,46.82433888602345]},"properties":{"finess":"790019582","nom":"SAD CIAS AIRVAUDAIS VAL DU THOUET","departement":"DEUX SEVRES"}},{"type":"Feature","geometry":{"type":"Point","coordinates":[-0.2412302341521829,46.64564257450159]},"properties":{"finess":"790020531","nom":"SAAD O2 PARTHENAY","departement":"DEUX SEVRES"}},{"type":"Feature","geometry":{"type":"Point","coordinates":[3.912539858550656,43.57680097941294]},"properties":{"finess":"340025766","nom":"SAAD \"SERVICE ET RECONFORT A DOMICILE\"","departement":"HERAULT"}},{"type":"Feature","geometry":{"type":"Point","coordinates":[5.250478885322896,45.72451900275861]},"properties":{"finess":"380024562","nom":"SAAD DOMISERVICE","departement":"ISERE"}},{"type":"Feature","geometry":{"type":"Point","coordinates":[2.655600450767932,48.52912663181569]},"properties":{"finess":"770024735","nom":"SAAD DESTIA","departement":"SEINE ET MARNE"}},{"type":"Feature","geometry":{"type":"Point","coordinates":[3.326579957830608,49.38251970703076]},"properties":{"finess":"020017976","nom":"SAAD O2 SOISSONS","departement":"AISNE"}},{"type":"Feature","geometry":{"type":"Point","coordinates":[-1.533881712843488,43.48101194120515]},"properties":{"finess":"640020004","nom":"SAAD LES LUCIOLES","departement":"PYRENEES ATLANTIQUES"}},{"type":"Feature","geometry":{"type":"Point","coordinates":[4.985154030108255,43.5017009771497]},"properties":{"finess":"130049737","nom":"SAAD LE MAILLON","departement":"BOUCHES DU RHONE"}},{"type":"Feature","geometry":{"type":"Point","coordinates":[1.502207229687655,43.51506726102177]},"properties":{"finess":"310029954","nom":"SAAD MIEUX VIVRE CHEZ VOUS","departement":"HAUTE GARONNE"}},{"type":"Feature","geometry":{"type":"Point","coordinates":[4.852760595343548,45.75691089303726]},"properties":{"finess":"690047386","nom":"SAAD BRINDASSISTANCE","departement":"RHONE"}},{"type":"Feature","geometry":{"type":"Point","coordinates":[2.893849710712578,42.68178606568794]},"properties":{"finess":"660010877","nom":"SAAD ARRELIA SERVICES","departement":"PYRENEES ORIENTALES"}},{"type":"Feature","geometry":{"type":"Point","coordinates":[0.6558768792940479,47.34714758464223]},"properties":{"finess":"370014573","nom":"SAAD SARL AIDE A DOMICILE 37 (DESTIA)","departement":"INDRE ET LOIRE"}},{"type":"Feature","geometry":{"type":"Point","coordinates":[3.435052572945743,46.20974487447261]},"properties":{"finess":"030784698","nom":"SERVICE D'AIDE A DOMICILE","departement":"ALLIER"}},{"type":"Feature","geometry":{"type":"Point","coordinates":[4.161136366526894,46.1667728235746]},"properties":{"finess":"420019432","nom":"SAAD SASU EGLE","departement":"LOIRE"}},{"type":"Feature","geometry":{"type":"Point","coordinates":[6.160373212171322,49.37204405269194]},"properties":{"finess":"570028233","nom":"SAAD DOMITIS EST LE PAVILLON DE DIANE","departement":"MOSELLE"}},{"type":"Feature","geometry":{"type":"Point","coordinates":[6.181831003638035,49.10556960635877]},"properties":{"finess":"570028241","nom":"SAAD DOMITYS EST CALLIOPE","departement":"MOSELLE"}},{"type":"Feature","geometry":{"type":"Point","coordinates":[6.102156853961353,49.10839719339825]},"properties":{"finess":"570028605","nom":"SAAD DOMITYS EST LA BELLAMIRE","departement":"MOSELLE"}},{"type":"Feature","geometry":{"type":"Point","coordinates":[6.15973756592571,49.21008823539945]},"properties":{"finess":"570028225","nom":"SAAD DOMITYS EST LA ROSE DU BEFFROI","departement":"MOSELLE"}},{"type":"Feature","geometry":{"type":"Point","coordinates":[-1.533881712843488,43.48101194120515]},"properties":{"finess":"640013926","nom":"SAAD GARDE A DOMICILE","departement":"PYRENEES ATLANTIQUES"}},{"type":"Feature","geometry":{"type":"Point","coordinates":[1.920517479949973,47.8911511110568]},"properties":{"finess":"450021795","nom":"SAAD ZEL'AP CONFIEZ-NOUS","departement":"LOIRET"}},{"type":"Feature","geometry":{"type":"Point","coordinates":[4.815847420963092,45.18248507135242]},"properties":{"finess":"260003389","nom":"SERVICE D'AIDE ET D'ACCMPGT A DOMICILE","departement":"DROME"}},{"type":"Feature","geometry":{"type":"Point","coordinates":[2.321800179707727,48.64878358102522]},"properties":{"finess":"910017151","nom":"SAAD VITA LOGIS","departement":"ESSONNE"}},{"type":"Feature","geometry":{"type":"Point","coordinates":[2.327323091966996,48.67313394402241]},"properties":{"finess":"910024413","nom":"SAAD SOUS MON TOIT SITE EPINAY/ ORGE","departement":"ESSONNE"}},{"type":"Feature","geometry":{"type":"Point","coordinates":[3.916200130842275,43.61676636782645]},"properties":{"finess":"340030154","nom":"SAAD DESTIA","departement":"HERAULT"}},{"type":"Feature","geometry":{"type":"Point","coordinates":[5.057485918276218,47.32870810768895]},"properties":{"finess":"210014213","nom":"DESTIA","departement":"COTE D OR"}},{"type":"Feature","geometry":{"type":"Point","coordinates":[1.900355100087977,43.90227263877788]},"properties":{"finess":"810013755","nom":"DOMICIL + GAILLAC","departement":"TARN"}},{"type":"Feature","geometry":{"type":"Point","coordinates":[2.235540468919497,43.60061465522833]},"properties":{"finess":"810013748","nom":"DOMICIL +CASTRES","departement":"TARN"}},{"type":"Feature","geometry":{"type":"Point","coordinates":[2.146875919891363,43.93661130526038]},"properties":{"finess":"810011825","nom":"SAA DOMICIL+ ALBI","departement":"TARN"}},{"type":"Feature","geometry":{"type":"Point","coordinates":[2.978191637075475,43.15838757132963]},"properties":{"finess":"110008190","nom":"SAD DOMICIL+","departement":"AUDE"}},{"type":"Feature","geometry":{"type":"Point","coordinates":[2.379729757810451,43.20793498422675]},"properties":{"finess":"110010303","nom":"SAD DOMICIL+ CARCASSONNE","departement":"AUDE"}},{"type":"Feature","geometry":{"type":"Point","coordinates":[6.974646512963542,48.27012857272063]},"properties":{"finess":"880008800","nom":"DESTIA","departement":"VOSGES"}},{"type":"Feature","geometry":{"type":"Point","coordinates":[4.668015218745189,45.24139142066717]},"properties":{"finess":"070009592","nom":"AMFD","departement":"ARDECHE"}},{"type":"Feature","geometry":{"type":"Point","coordinates":[3.210825129462901,50.66800614110972]},"properties":{"finess":"590054953","nom":"SAD SADP SERVICES AUTONIUM","departement":"NORD"}},{"type":"Feature","geometry":{"type":"Point","coordinates":[6.190141866153597,48.69718087467005]},"properties":{"finess":"540024908","nom":"SAAD BIEN-ETRE SERVICES A NANCY","departement":"MEURTHE ET MOSELLE"}},{"type":"Feature","geometry":{"type":"Point","coordinates":[6.049126959666487,48.90837507518039]},"properties":{"finess":"540024916","nom":"SAAD BIEN-ETRE SERVICES A PAM","departement":"MEURTHE ET MOSELLE"}},{"type":"Feature","geometry":{"type":"Point","coordinates":[0.5979747770752609,47.40401268244895]},"properties":{"finess":"370015869","nom":"SAAD ADENIOR TOURS NORD","departement":"INDRE ET LOIRE"}},{"type":"Feature","geometry":{"type":"Point","coordinates":[3.322289378405509,50.08181674425595]},"properties":{"finess":"590061792","nom":"ACCES","departement":"NORD"}},{"type":"Feature","geometry":{"type":"Point","coordinates":[0.08711233271780157,49.3616959669347]},"properties":{"finess":"140006883","nom":"SAD CCAS TROUVILLE SUR MER","departement":"CALVADOS"}},{"type":"Feature","geometry":{"type":"Point","coordinates":[6.869101763165991,43.69068180178309]},"properties":{"finess":"060026564","nom":"SAAD DOMICILE CONFORT","departement":"ALPES MARITIMES"}},{"type":"Feature","geometry":{"type":"Point","coordinates":[1.998282953240438,50.07834606835757]},"properties":{"finess":"800008286","nom":"SERVICE D AIDE MENAGERES","departement":"SOMME"}},{"type":"Feature","geometry":{"type":"Point","coordinates":[5.074144799325737,44.24157019773019]},"properties":{"finess":"840021786","nom":"SAAD AXEO SERVICES","departement":"VAUCLUSE"}},{"type":"Feature","geometry":{"type":"Point","coordinates":[1.431653750931313,43.69130043631028]},"properties":{"finess":"310029277","nom":"SAA CAPPA","departement":"HAUTE GARONNE"}},{"type":"Feature","geometry":{"type":"Point","coordinates":[1.388244523834851,43.84236510052678]},"properties":{"finess":"310029756","nom":"SAA CAPPA","departement":"HAUTE GARONNE"}},{"type":"Feature","geometry":{"type":"Point","coordinates":[1.501037940729175,43.66417223391527]},"properties":{"finess":"310037312","nom":"SAA CAPPA","departement":"HAUTE GARONNE"}},{"type":"Feature","geometry":{"type":"Point","coordinates":[-0.8729071343396251,47.0600056552525]},"properties":{"finess":"490022738","nom":"SAAD NESTOR AD'AGE 49","departement":"MAINE ET LOIRE"}},{"type":"Feature","geometry":{"type":"Point","coordinates":[5.098196932363131,43.63792404077216]},"properties":{"finess":"130049844","nom":"SAAD MAJORDOME SERVICES","departement":"BOUCHES DU RHONE"}},{"type":"Feature","geometry":{"type":"Point","coordinates":[7.252267336849819,43.70206038042596]},"properties":{"finess":"060029204","nom":"SAAD CLUB AZUR SERVICES NICE","departement":"ALPES MARITIMES"}},{"type":"Feature","geometry":{"type":"Point","coordinates":[0.1957838904598452,48.00910583696698]},"properties":{"finess":"720021666","nom":"SAA O2 LE MANS","departement":"SARTHE"}},{"type":"Feature","geometry":{"type":"Point","coordinates":[7.332787539541353,43.69167302496624]},"properties":{"finess":"060005659","nom":"SAAD CCAS SAINT JEAN CAP FERRAT","departement":"ALPES MARITIMES"}},{"type":"Feature","geometry":{"type":"Point","coordinates":[1.313947723480932,43.48930486101773]},"properties":{"finess":"310030663","nom":"SAAD YS SERVICES","departement":"HAUTE GARONNE"}},{"type":"Feature","geometry":{"type":"Point","coordinates":[4.841890010365316,46.4485297351248]},"properties":{"finess":"710971821","nom":"SAAD ADMR VIRE","departement":"SAONE ET LOIRE"}},{"type":"Feature","geometry":{"type":"Point","coordinates":[-61.094868109091,14.60982186854315]},"properties":{"finess":"970214102","nom":"ASSOCIATION AZALEA-SERVICES","departement":"MARTINIQUE"}},{"type":"Feature","geometry":{"type":"Point","coordinates":[0.6791587496001983,47.40998337928394]},"properties":{"finess":"370015042","nom":"SAAD DOMUSVI DOMICILE 37","departement":"INDRE ET LOIRE"}},{"type":"Feature","geometry":{"type":"Point","coordinates":[7.349703324620112,47.75269242343827]},"properties":{"finess":"680022423","nom":"SAAD DESTIA","departement":"HAUT RHIN"}},{"type":"Feature","geometry":{"type":"Point","coordinates":[4.831372064782898,45.88633706763861]},"properties":{"finess":"690047725","nom":"SAAD HOME LIBRE SERVICE NEUVILLE","departement":"RHONE"}},{"type":"Feature","geometry":{"type":"Point","coordinates":[5.591128098895238,43.33468969113208]},"properties":{"finess":"130050354","nom":"SAAD SOLUTIONS DOMICILE","departement":"BOUCHES DU RHONE"}},{"type":"Feature","geometry":{"type":"Point","coordinates":[2.401957559726092,48.85006030557467]},"properties":{"finess":"750050668","nom":"SAAD AMICALEMENT VOTRE","departement":"PARIS"}},{"type":"Feature","geometry":{"type":"Point","coordinates":[2.39474653345963,48.88437968246522]},"properties":{"finess":"750075087","nom":"SAA ADHAP - VIE ET MAINTIEN A DOMICILE","departement":"PARIS"}},{"type":"Feature","geometry":{"type":"Point","coordinates":[7.261669484899313,43.70210230313148]},"properties":{"finess":"060027679","nom":"SAAD AZUR ASSISTANCE","departement":"ALPES MARITIMES"}},{"type":"Feature","geometry":{"type":"Point","coordinates":[2.037204639398477,48.79216900472456]},"properties":{"finess":"780030623","nom":"SAA ALTRUIS","departement":"YVELINES"}},{"type":"Feature","geometry":{"type":"Point","coordinates":[0.1864029927174627,48.01495642445155]},"properties":{"finess":"720021351","nom":"SAAD ADHAP SERVICES","departement":"SARTHE"}},{"type":"Feature","geometry":{"type":"Point","coordinates":[1.570141671759222,50.06673394066684]},"properties":{"finess":"800008047","nom":"SERVICE D'AIDE-MENAGERES","departement":"SOMME"}},{"type":"Feature","geometry":{"type":"Point","coordinates":[2.802118669268707,50.52983418720239]},"properties":{"finess":"590053021","nom":"SAD PROXIDOM SERVICES","departement":"NORD"}},{"type":"Feature","geometry":{"type":"Point","coordinates":[2.348436374071984,48.81531332205741]},"properties":{"finess":"940809023","nom":"SAD CCAS DE GENTILLY","departement":"VAL DE MARNE"}},{"type":"Feature","geometry":{"type":"Point","coordinates":[0.7194954760958591,47.38969170726234]},"properties":{"finess":"370102451","nom":"SAAD DU CCAS DE ST PIERRE DES CORPS","departement":"INDRE ET LOIRE"}},{"type":"Feature","geometry":{"type":"Point","coordinates":[0.08895354402424001,47.01917935068001]},"properties":{"finess":"860011394","nom":"SAAD EMMA SAP","departement":"VIENNE"}},{"type":"Feature","geometry":{"type":"Point","coordinates":[0.7983734214178675,47.41131896577856]},"properties":{"finess":"370006249","nom":"ASSISTADOM (DESTIA VOUVRAY)","departement":"INDRE ET LOIRE"}},{"type":"Feature","geometry":{"type":"Point","coordinates":[3.895931908207229,43.59919256055215]},"properties":{"finess":"340026822","nom":"SAAD SO'LIFES","departement":"HERAULT"}},{"type":"Feature","geometry":{"type":"Point","coordinates":[2.37138418336371,48.69437557908767]},"properties":{"finess":"910024157","nom":"SAAD OZENE-ADHAP","departement":"ESSONNE"}},{"type":"Feature","geometry":{"type":"Point","coordinates":[5.136139268236879,48.11106797792211]},"properties":{"finess":"520005232","nom":"SAAD AIDADOMICILE 52","departement":"HAUTE MARNE"}},{"type":"Feature","geometry":{"type":"Point","coordinates":[0.2239292832703905,49.14671101170587]},"properties":{"finess":"140006735","nom":"SAD CCAS LISIEUX","departement":"CALVADOS"}},{"type":"Feature","geometry":{"type":"Point","coordinates":[-0.4657517835386973,46.3117307402819]},"properties":{"finess":"790020093","nom":"SAAD BIEN ETRE CHEZ SOI","departement":"DEUX SEVRES"}},{"type":"Feature","geometry":{"type":"Point","coordinates":[-1.566177641853182,47.22501686476993]},"properties":{"finess":"440054757","nom":"SAAD O SERVICES 44","departement":"LOIRE ATLANTIQUE"}},{"type":"Feature","geometry":{"type":"Point","coordinates":[1.326166432849818,43.46431529784031]},"properties":{"finess":"310037627","nom":"SAD SERVICE ET MAINTIEN A DOMICILE","departement":"HAUTE GARONNE"}},{"type":"Feature","geometry":{"type":"Point","coordinates":[0.7228269349562315,43.10911461262164]},"properties":{"finess":"310037635","nom":"SAD SERVICE ET MAINTIEN A DOMICILE","departement":"HAUTE GARONNE"}},{"type":"Feature","geometry":{"type":"Point","coordinates":[2.284196142083963,48.79130793042356]},"properties":{"finess":"920034741","nom":"SAD SENIOR COMPAGNIE","departement":"HAUTS DE SEINE"}},{"type":"Feature","geometry":{"type":"Point","coordinates":[-1.140467258071363,44.76882206467788]},"properties":{"finess":"330063025","nom":"SAAD O2 LEGE CAP FERRET","departement":"GIRONDE"}},{"type":"Feature","geometry":{"type":"Point","coordinates":[3.432952443832593,46.13056301434582]},"properties":{"finess":"030009542","nom":"SAAD ASSOCIATION ADMR VICHY","departement":"ALLIER"}},{"type":"Feature","geometry":{"type":"Point","coordinates":[2.274795602181161,48.85602498472821]},"properties":{"finess":"750074817","nom":"SAAD ALLIANCE VIE PARIS 16","departement":"PARIS"}},{"type":"Feature","geometry":{"type":"Point","coordinates":[2.908621182276508,42.688194019331]},"properties":{"finess":"660010547","nom":"SAAD LES AUTOMNALES","departement":"PYRENEES ORIENTALES"}},{"type":"Feature","geometry":{"type":"Point","coordinates":[6.107836615141849,45.90668462492344]},"properties":{"finess":"740019369","nom":"EFFIK'ASS ANNECY","departement":"HAUTE SAVOIE"}},{"type":"Feature","geometry":{"type":"Point","coordinates":[6.408333002573682,46.07784806039788]},"properties":{"finess":"740019385","nom":"EFFIK'ASS BONNEVILLE","departement":"HAUTE SAVOIE"}},{"type":"Feature","geometry":{"type":"Point","coordinates":[6.294653353267447,45.7464379616839]},"properties":{"finess":"740008537","nom":"EFFIK'ASS FAVERGES","departement":"HAUTE SAVOIE"}},{"type":"Feature","geometry":{"type":"Point","coordinates":[6.477581319749476,46.37305992338528]},"properties":{"finess":"740019377","nom":"EFFIK'ASS THONON-LES-BAINS","departement":"HAUTE SAVOIE"}},{"type":"Feature","geometry":{"type":"Point","coordinates":[2.908103240016033,42.68818368588171]},"properties":{"finess":"660011156","nom":"SAD WAHOO DOMICILE","departement":"PYRENEES ORIENTALES"}},{"type":"Feature","geometry":{"type":"Point","coordinates":[2.256628262879368,48.90251112608863]},"properties":{"finess":"920042348","nom":"APEF","departement":"HAUTS DE SEINE"}},{"type":"Feature","geometry":{"type":"Point","coordinates":[2.256199096535505,48.91221121782652]},"properties":{"finess":"920037728","nom":"SAAD APEF GARENNE COLOMBES","departement":"HAUTS DE SEINE"}},{"type":"Feature","geometry":{"type":"Point","coordinates":[4.849471789361234,45.80144143529279]},"properties":{"finess":"690052121","nom":"SAAD AIDE & A - CALUIRE-ET-CUIRE","departement":"RHONE"}},{"type":"Feature","geometry":{"type":"Point","coordinates":[4.945818646846379,45.76910199223596]},"properties":{"finess":"690046966","nom":"SAAD AIDE & A - DECINES-CHARPIEU","departement":"RHONE"}},{"type":"Feature","geometry":{"type":"Point","coordinates":[4.852012609091828,45.76373454581815]},"properties":{"finess":"690046958","nom":"SAAD AIDE & A - LYON 6EME","departement":"RHONE"}},{"type":"Feature","geometry":{"type":"Point","coordinates":[4.715718837288406,45.98897186961659]},"properties":{"finess":"690052113","nom":"SAAD AIDE & A - VILLEFRANCHE-SUR-SAONE","departement":"RHONE"}},{"type":"Feature","geometry":{"type":"Point","coordinates":[4.875161675117134,45.76819628141616]},"properties":{"finess":"690046883","nom":"SAAD AIDE & A - VILLEURBANNE","departement":"RHONE"}},{"type":"Feature","geometry":{"type":"Point","coordinates":[-1.51604566431885,43.46364828673368]},"properties":{"finess":"640020202","nom":"SAAD VITALLIANCE BAYONNE","departement":"PYRENEES ATLANTIQUES"}},{"type":"Feature","geometry":{"type":"Point","coordinates":[-1.267969389830033,43.36803789331815]},"properties":{"finess":"640021523","nom":"SAAD VITALLIANCE BONLOC","departement":"PYRENEES ATLANTIQUES"}},{"type":"Feature","geometry":{"type":"Point","coordinates":[-0.3977262297487889,43.32515712869527]},"properties":{"finess":"640020194","nom":"SAAD VITALLIANCE PAU","departement":"PYRENEES ATLANTIQUES"}},{"type":"Feature","geometry":{"type":"Point","coordinates":[-1.641442684813668,43.39758440459251]},"properties":{"finess":"640023107","nom":"SAAD VITALLIANCE SAINT JEAN DE LUZ","departement":"PYRENEES ATLANTIQUES"}},{"type":"Feature","geometry":{"type":"Point","coordinates":[3.067362867443138,50.40354704413057]},"properties":{"finess":"590067120","nom":"S.A.A.D VITALLIANCE CAMBRAI","departement":"NORD"}},{"type":"Feature","geometry":{"type":"Point","coordinates":[3.067362867443138,50.40354704413057]},"properties":{"finess":"590067138","nom":"S.A.A.D VITALLIANCE DOUAI","departement":"NORD"}},{"type":"Feature","geometry":{"type":"Point","coordinates":[3.916634335922661,50.24883841839141]},"properties":{"finess":"590073763","nom":"S.A.A. VITALLIANCE HAUTMONT","departement":"NORD"}},{"type":"Feature","geometry":{"type":"Point","coordinates":[3.490291829328954,50.36332871155625]},"properties":{"finess":"590067096","nom":"S.A.A.D VITALLIANCE VALENCIENNES EST","departement":"NORD"}},{"type":"Feature","geometry":{"type":"Point","coordinates":[6.173400199319977,49.10985613378137]},"properties":{"finess":"570029132","nom":"SAAD VITALLIANCE METZ","departement":"MOSELLE"}},{"type":"Feature","geometry":{"type":"Point","coordinates":[2.122781005351297,48.79533001609577]},"properties":{"finess":"780031399","nom":"LES JARDINS D'ARCADIE LE BOELY","departement":"YVELINES"}},{"type":"Feature","geometry":{"type":"Point","coordinates":[-1.913156596455199,48.44692773391449]},"properties":{"finess":"350040853","nom":"SAAD CCAS MESNIL ROC'H","departement":"ILLE ET VILAINE"}},{"type":"Feature","geometry":{"type":"Point","coordinates":[3.09908214235879,50.63392118506674]},"properties":{"finess":"590070579","nom":"SAAD ASSOCIATION ACESS","departement":"NORD"}},{"type":"Feature","geometry":{"type":"Point","coordinates":[2.081975509308215,49.4277713969379]},"properties":{"finess":"600016406","nom":"SAAD FIDÈLES SANTÉ PRO","departement":"OISE"}},{"type":"Feature","geometry":{"type":"Point","coordinates":[3.89460533675815,43.60797587372225]},"properties":{"finess":"340026392","nom":"SAAD VITALITE 34","departement":"HERAULT"}},{"type":"Feature","geometry":{"type":"Point","coordinates":[5.733624661888723,45.18188499936726]},"properties":{"finess":"380021204","nom":"PRESTALLIANCE SARL LE PETIT JEAN","departement":"ISERE"}},{"type":"Feature","geometry":{"type":"Point","coordinates":[4.806165301005773,45.77348432569528]},"properties":{"finess":"690007679","nom":"SERVICE D'AIDE A DOMICILE (REF)","departement":"RHONE"}},{"type":"Feature","geometry":{"type":"Point","coordinates":[0.2082925212678314,47.98796399275749]},"properties":{"finess":"720021609","nom":"SAAD GENERALE DES SERVICES","departement":"SARTHE"}},{"type":"Feature","geometry":{"type":"Point","coordinates":[2.115346530772381,48.68791555815792]},"properties":{"finess":"910024090","nom":"ADEMAID DE L'YVETTE","departement":"ESSONNE"}},{"type":"Feature","geometry":{"type":"Point","coordinates":[2.864405169328519,50.60411205932054]},"properties":{"finess":"590073755","nom":"S.A.A. VITALLIANCE FROMELLES","departement":"NORD"}},{"type":"Feature","geometry":{"type":"Point","coordinates":[3.125870698866122,50.61738404598077]},"properties":{"finess":"590074845","nom":"S.A.A. VITALLIANCE VILLENEUVE D'ASCQ","departement":"NORD"}},{"type":"Feature","geometry":{"type":"Point","coordinates":[3.061903415954093,50.65339493943596]},"properties":{"finess":"590054326","nom":"S.A.A.D VITALLIANCE LA MADELEINE","departement":"NORD"}},{"type":"Feature","geometry":{"type":"Point","coordinates":[3.160837679830605,50.70492105349661]},"properties":{"finess":"590067070","nom":"S.A.A.D VITALLIANCE TOURCOING","departement":"NORD"}},{"type":"Feature","geometry":{"type":"Point","coordinates":[2.23750724502672,43.60672197545748]},"properties":{"finess":"810011676","nom":"SAAD ABELIA MAINTIEN A DOMICILE","departement":"TARN"}},{"type":"Feature","geometry":{"type":"Point","coordinates":[6.169225588735462,48.73287727596912]},"properties":{"finess":"540025350","nom":"SAAD AD'ZENITUD","departement":"MEURTHE ET MOSELLE"}},{"type":"Feature","geometry":{"type":"Point","coordinates":[4.515010454141179,45.47672374064858]},"properties":{"finess":"420016115","nom":"UNE PARENTHESE","departement":"LOIRE"}},{"type":"Feature","geometry":{"type":"Point","coordinates":[4.947236711875876,48.6389737951018]},"properties":{"finess":"520005638","nom":"SAAD ADHAP 55","departement":"HAUTE MARNE"}},{"type":"Feature","geometry":{"type":"Point","coordinates":[5.159525499914047,48.77504136143978]},"properties":{"finess":"550006688","nom":"SAAD ADHAP SERVICES","departement":"MEUSE"}},{"type":"Feature","geometry":{"type":"Point","coordinates":[5.590111555681423,48.76256700293307]},"properties":{"finess":"550007975","nom":"SAAD ADHAP SERVICES COMMERCY","departement":"MEUSE"}},{"type":"Feature","geometry":{"type":"Point","coordinates":[5.381580215103623,49.16177262490032]},"properties":{"finess":"550007827","nom":"SAAD ADHAP SERVICES VERDUN","departement":"MEUSE"}},{"type":"Feature","geometry":{"type":"Point","coordinates":[3.842194547820481,43.59774358449886]},"properties":{"finess":"340025519","nom":"SAAD VITALLIANCE","departement":"HERAULT"}},{"type":"Feature","geometry":{"type":"Point","coordinates":[3.914810888512898,43.60956861386384]},"properties":{"finess":"340026756","nom":"SAAD VITALLIANCE","departement":"HERAULT"}},{"type":"Feature","geometry":{"type":"Point","coordinates":[3.248631150847197,43.3659481493678]},"properties":{"finess":"340029784","nom":"SAAD VITALLIANCE","departement":"HERAULT"}},{"type":"Feature","geometry":{"type":"Point","coordinates":[3.863845508433866,43.65161305293014]},"properties":{"finess":"340029792","nom":"SAAD VITALLIANCE","departement":"HERAULT"}},{"type":"Feature","geometry":{"type":"Point","coordinates":[-1.497520534047253,43.46619720745669]},"properties":{"finess":"640019741","nom":"SAAD AIDIA SERVICES 64","departement":"PYRENEES ATLANTIQUES"}},{"type":"Feature","geometry":{"type":"Point","coordinates":[4.830326641911439,45.75064601837788]},"properties":{"finess":"690054796","nom":"SAAD EMPAD FREE DOM LYON SUD","departement":"RHONE"}},{"type":"Feature","geometry":{"type":"Point","coordinates":[4.78663240007759,44.33766292609774]},"properties":{"finess":"260020847","nom":"AUX P'TITS SOINS","departement":"DROME"}},{"type":"Feature","geometry":{"type":"Point","coordinates":[2.110749793651812,48.88066633864945]},"properties":{"finess":"780026084","nom":"SAAD AVAD","departement":"YVELINES"}},{"type":"Feature","geometry":{"type":"Point","coordinates":[-0.08832855192754312,47.24941336667369]},"properties":{"finess":"490023835","nom":"SAA VITALIANCE","departement":"MAINE ET LOIRE"}},{"type":"Feature","geometry":{"type":"Point","coordinates":[-0.8790823841395776,47.059684768751]},"properties":{"finess":"490024635","nom":"SAA VITALLIANCE","departement":"MAINE ET LOIRE"}},{"type":"Feature","geometry":{"type":"Point","coordinates":[-0.5493532540171092,47.47634855884291]},"properties":{"finess":"490021441","nom":"SAAD VITALLIANCE","departement":"MAINE ET LOIRE"}},{"type":"Feature","geometry":{"type":"Point","coordinates":[0.7203346897498314,47.36930182247033]},"properties":{"finess":"370014151","nom":"VITALLIANCE","departement":"INDRE ET LOIRE"}},{"type":"Feature","geometry":{"type":"Point","coordinates":[5.002642510844347,45.76403778472205]},"properties":{"finess":"690026737","nom":"SAAD AIVAD","departement":"RHONE"}},{"type":"Feature","geometry":{"type":"Point","coordinates":[-0.5512667859591586,48.84849926513435]},"properties":{"finess":"140033804","nom":"SAAD SARL ADSAD NORMANDIE","departement":"CALVADOS"}},{"type":"Feature","geometry":{"type":"Point","coordinates":[-0.7736530280352752,43.48781467832276]},"properties":{"finess":"640788253","nom":"SAAD DU CCAS D'ORTHEZ","departement":"PYRENEES ATLANTIQUES"}},{"type":"Feature","geometry":{"type":"Point","coordinates":[-0.2715150952803072,43.56164061926149]},"properties":{"finess":"640788261","nom":"SAAD DU CCAS DE GARLIN","departement":"PYRENEES ATLANTIQUES"}},{"type":"Feature","geometry":{"type":"Point","coordinates":[3.343701395587464,50.3355647606777]},"properties":{"finess":"590054490","nom":"SAD AEBS","departement":"NORD"}},{"type":"Feature","geometry":{"type":"Point","coordinates":[2.44685293723685,47.99054902476467]},"properties":{"finess":"450021860","nom":"SAAD ADAPA DE BELLEGARDE","departement":"LOIRET"}},{"type":"Feature","geometry":{"type":"Point","coordinates":[3.103701771985238,42.52208167712285]},"properties":{"finess":"660785239","nom":"SAD CCAS PORT VENDRES","departement":"PYRENEES ORIENTALES"}},{"type":"Feature","geometry":{"type":"Point","coordinates":[3.554097653622424,47.85140456038504]},"properties":{"finess":"890008089","nom":"SAAD APF MONETEAU","departement":"YONNE"}},{"type":"Feature","geometry":{"type":"Point","coordinates":[1.307239536657557,43.32232589074384]},"properties":{"finess":"310005558","nom":"SAAD LA VIE EST BELLE","departement":"HAUTE GARONNE"}},{"type":"Feature","geometry":{"type":"Point","coordinates":[-0.6338951848890059,44.86012579535144]},"properties":{"finess":"330061458","nom":"SAAD MEYNARD SERVICE- AUXILEO","departement":"GIRONDE"}},{"type":"Feature","geometry":{"type":"Point","coordinates":[5.705443244973216,45.17819039478079]},"properties":{"finess":"380023374","nom":"SAAD ADOM POUR VOUS","departement":"ISERE"}},{"type":"Feature","geometry":{"type":"Point","coordinates":[5.594052779600189,45.36516577561621]},"properties":{"finess":"380023366","nom":"SAAD ADOM POUR VOUS VOIRON","departement":"ISERE"}},{"type":"Feature","geometry":{"type":"Point","coordinates":[5.718125576858863,45.19079914913559]},"properties":{"finess":"380024844","nom":"SAAD AUXITY SCOP","departement":"ISERE"}},{"type":"Feature","geometry":{"type":"Point","coordinates":[5.688805019159345,45.16894707057349]},"properties":{"finess":"380022822","nom":"SAAD CASSIOPEE","departement":"ISERE"}},{"type":"Feature","geometry":{"type":"Point","coordinates":[1.255535712903019,45.84039083057585]},"properties":{"finess":"870015013","nom":"SAAD ADPAD 87","departement":"HAUTE VIENNE"}},{"type":"Feature","geometry":{"type":"Point","coordinates":[-0.5750035347356658,44.85883959512345]},"properties":{"finess":"330061474","nom":"SAAD MES SERVICES A LA CARTE","departement":"GIRONDE"}},{"type":"Feature","geometry":{"type":"Point","coordinates":[5.684160064718604,43.44741157424865]},"properties":{"finess":"130049489","nom":"SAAD ESSENTIEL SERVICES A LA PERSONNE","departement":"BOUCHES DU RHONE"}},{"type":"Feature","geometry":{"type":"Point","coordinates":[4.747489886729624,44.55343043637292]},"properties":{"finess":"260020904","nom":"O2 MONTELIMAR","departement":"DROME"}},{"type":"Feature","geometry":{"type":"Point","coordinates":[6.077187188754512,43.08892800121177]},"properties":{"finess":"830024352","nom":"SAAD DP VAR SERVICES BOSTON SERVICES","departement":"VAR"}},{"type":"Feature","geometry":{"type":"Point","coordinates":[2.573399542521482,44.34775211483786]},"properties":{"finess":"120008412","nom":"SAD AZALEE DOMICILE SERVICES RODEZ","departement":"AVEYRON"}},{"type":"Feature","geometry":{"type":"Point","coordinates":[2.039006962830856,44.60804629957548]},"properties":{"finess":"460007545","nom":"SAD AZALEE DOMICILE SERVICES FIGEAC","departement":"LOT"}},{"type":"Feature","geometry":{"type":"Point","coordinates":[5.371345190011525,43.31178766852219]},"properties":{"finess":"130049133","nom":"SAAD CCAS MARSEILLE","departement":"BOUCHES DU RHONE"}},{"type":"Feature","geometry":{"type":"Point","coordinates":[3.032607425012121,42.63235731546363]},"properties":{"finess":"660785270","nom":"SAAD CCAS SAINT CYPRIEN","departement":"PYRENEES ORIENTALES"}},{"type":"Feature","geometry":{"type":"Point","coordinates":[2.323122437058597,43.20899544318369]},"properties":{"finess":"110008372","nom":"AUX TROIS SERVICES","departement":"AUDE"}},{"type":"Feature","geometry":{"type":"Point","coordinates":[-3.381967807619184,47.75994405765447]},"properties":{"finess":"560030421","nom":"SAAD NESTOR AD'AGE ENSEIGNE DESTIA","departement":"MORBIHAN"}},{"type":"Feature","geometry":{"type":"Point","coordinates":[-2.967239127175404,48.06834168603937]},"properties":{"finess":"560030439","nom":"SAAD NESTOR AD'AGE ENSEIGNE DESTIA","departement":"MORBIHAN"}},{"type":"Feature","geometry":{"type":"Point","coordinates":[-2.991846456025038,47.67191099901584]},"properties":{"finess":"560030413","nom":"SAAD NESTOR AD'AGE ENSEIGNE DESTIA","departement":"MORBIHAN"}},{"type":"Feature","geometry":{"type":"Point","coordinates":[2.996598532608174,43.18932001034769]},"properties":{"finess":"110008398","nom":"AUX TROIS SERVICES","departement":"AUDE"}},{"type":"Feature","geometry":{"type":"Point","coordinates":[4.899991574630591,45.76546497580889]},"properties":{"finess":"690049002","nom":"SAAD SIMON DE CYRENE LYON METRO","departement":"RHONE"}},{"type":"Feature","geometry":{"type":"Point","coordinates":[-1.566848284471175,46.95818920582745]},"properties":{"finess":"440056307","nom":"SAAD CH BEL AIR","departement":"LOIRE ATLANTIQUE"}},{"type":"Feature","geometry":{"type":"Point","coordinates":[4.872296147417269,45.52050878734202]},"properties":{"finess":"380023564","nom":"SAAD ADPAH VIENNE","departement":"ISERE"}},{"type":"Feature","geometry":{"type":"Point","coordinates":[4.840603531778003,44.76806425455882]},"properties":{"finess":"260009568","nom":"SEV. AIDE & ACCOMPAGNEMENT A DOMICILE","departement":"DROME"}},{"type":"Feature","geometry":{"type":"Point","coordinates":[5.730777012251929,45.1684917661058]},"properties":{"finess":"380023390","nom":"SAAD AFIPH A DOM","departement":"ISERE"}},{"type":"Feature","geometry":{"type":"Point","coordinates":[5.730329505731375,45.1740300595622]},"properties":{"finess":"380022640","nom":"SAAD VITALLIANCE GRENOBLE","departement":"ISERE"}},{"type":"Feature","geometry":{"type":"Point","coordinates":[4.812587810237174,45.77339483278931]},"properties":{"finess":"690047139","nom":"SAAD AT'HOME","departement":"RHONE"}},{"type":"Feature","geometry":{"type":"Point","coordinates":[-0.7144512785041559,44.91054504470782]},"properties":{"finess":"330055047","nom":"SAAD ASSOCIATION ADHM","departement":"GIRONDE"}},{"type":"Feature","geometry":{"type":"Point","coordinates":[-1.774159089358937,48.52519327989527]},"properties":{"finess":"350034039","nom":"SAAD CCAS BAGUER MORVAN","departement":"ILLE ET VILAINE"}},{"type":"Feature","geometry":{"type":"Point","coordinates":[4.688141337515885,43.97519311420072]},"properties":{"finess":"300018827","nom":"SAD AMELIS DOMICILE SERVICES","departement":"GARD"}},{"type":"Feature","geometry":{"type":"Point","coordinates":[5.100630757840595,45.65027285332299]},"properties":{"finess":"380023002","nom":"SAAD AUXI'LIFE 38","departement":"ISERE"}},{"type":"Feature","geometry":{"type":"Point","coordinates":[3.01461147309135,47.18365118183224]},"properties":{"finess":"580970283","nom":"SAAD CIAS LES BERTRANGES","departement":"NIEVRE"}},{"type":"Feature","geometry":{"type":"Point","coordinates":[-61.45776413147729,16.33424085669042]},"properties":{"finess":"970113247","nom":"A.S.F. POINSETTIA","departement":"GUADELOUPE"}},{"type":"Feature","geometry":{"type":"Point","coordinates":[-0.5799217880667952,43.32159027555159]},"properties":{"finess":"640788352","nom":"SAAD DU CCAS DE MONEIN","departement":"PYRENEES ATLANTIQUES"}},{"type":"Feature","geometry":{"type":"Point","coordinates":[5.845775676533204,43.1264880058259]},"properties":{"finess":"830020657","nom":"SAAD SOLIDOM","departement":"VAR"}},{"type":"Feature","geometry":{"type":"Point","coordinates":[6.118846939024047,45.90367512037142]},"properties":{"finess":"740008446","nom":"SAUV (SERVICE AUXILIAIRES DE VIE)","departement":"HAUTE SAVOIE"}},{"type":"Feature","geometry":{"type":"Point","coordinates":[5.074866414866186,49.60542702358055]},"properties":{"finess":"080011323","nom":"SAAD HELLO DOMICILE","departement":"ARDENNES"}},{"type":"Feature","geometry":{"type":"Point","coordinates":[1.18547586956646,43.26270115102253]},"properties":{"finess":"310787213","nom":"SAAD SIVOM PCV","departement":"HAUTE GARONNE"}},{"type":"Feature","geometry":{"type":"Point","coordinates":[-0.5527666088930562,44.86679004598993]},"properties":{"finess":"330062449","nom":"SAAD ALOIS","departement":"GIRONDE"}},{"type":"Feature","geometry":{"type":"Point","coordinates":[-0.8794250354436822,45.32270573135954]},"properties":{"finess":"330801945","nom":"SAAD AAPAM","departement":"GIRONDE"}},{"type":"Feature","geometry":{"type":"Point","coordinates":[4.355375537671608,43.83650219384808]},"properties":{"finess":"300021128","nom":"SAA HOME SERVICES 30","departement":"GARD"}},{"type":"Feature","geometry":{"type":"Point","coordinates":[-61.49765193744307,16.20710927373508]},"properties":{"finess":"970114476","nom":"SERVICES A KAZ","departement":"GUADELOUPE"}},{"type":"Feature","geometry":{"type":"Point","coordinates":[3.712470771906217,49.82518021543674]},"properties":{"finess":"020013496","nom":"SAAD SIVOM SAINS-RICHAUMONT","departement":"AISNE"}},{"type":"Feature","geometry":{"type":"Point","coordinates":[4.824951975577042,45.77553199969197]},"properties":{"finess":"690800784","nom":"SMD LYON PENTES PRESQU'ILE - LYON 1","departement":"RHONE"}},{"type":"Feature","geometry":{"type":"Point","coordinates":[2.407978432730526,48.73488104401989]},"properties":{"finess":"940027261","nom":"SAAD CCAS DE VILLENEUVE LE ROI","departement":"VAL DE MARNE"}},{"type":"Feature","geometry":{"type":"Point","coordinates":[5.936222386750091,43.12267884259254]},"properties":{"finess":"830023172","nom":"SAAD CCAS TOULON","departement":"VAR"}},{"type":"Feature","geometry":{"type":"Point","coordinates":[-0.5832357033402634,44.86154999484431]},"properties":{"finess":"330061318","nom":"SAAD SOS SOLUTION SERVICES","departement":"GIRONDE"}},{"type":"Feature","geometry":{"type":"Point","coordinates":[2.69681752729975,42.77332923971898]},"properties":{"finess":"660004383","nom":"SAAD A DOMICILE AGLY","departement":"PYRENEES ORIENTALES"}},{"type":"Feature","geometry":{"type":"Point","coordinates":[0.1035673580686744,49.49275697197302]},"properties":{"finess":"760025031","nom":"SAAD ASS ADEO LE HAVRE","departement":"SEINE MARITIME"}},{"type":"Feature","geometry":{"type":"Point","coordinates":[-1.54677342322043,47.19090283157256]},"properties":{"finess":"440057206","nom":"SAAD RESIDENCE EQUIPAGE DOMICILE","departement":"LOIRE ATLANTIQUE"}},{"type":"Feature","geometry":{"type":"Point","coordinates":[-2.764027410191824,47.66313910655652]},"properties":{"finess":"560029282","nom":"SAAD NESTOR AD'AGE ENSEIGNE DESTIA","departement":"MORBIHAN"}},{"type":"Feature","geometry":{"type":"Point","coordinates":[5.036305281734882,45.05737016287672]},"properties":{"finess":"260018163","nom":"SERVICE AIDE A DOMICILE","departement":"DROME"}},{"type":"Feature","geometry":{"type":"Point","coordinates":[1.31171911685716,43.49208597396758]},"properties":{"finess":"310787288","nom":"SAAD SIAS ESCALIU","departement":"HAUTE GARONNE"}},{"type":"Feature","geometry":{"type":"Point","coordinates":[2.890637133402644,48.60697189429076]},"properties":{"finess":"770023950","nom":"SAAD ADMR REGION DE MORMANT","departement":"SEINE ET MARNE"}},{"type":"Feature","geometry":{"type":"Point","coordinates":[3.238125930301949,48.41564868105481]},"properties":{"finess":"770015295","nom":"SAAD ADMR DE BRAY SUR SEINE","departement":"SEINE ET MARNE"}},{"type":"Feature","geometry":{"type":"Point","coordinates":[3.787351322076194,50.01692824064951]},"properties":{"finess":"020013926","nom":"SAAD CCAS LE NOUVION-EN-THIÉRACHE","departement":"AISNE"}},{"type":"Feature","geometry":{"type":"Point","coordinates":[6.040704510191904,43.1535747797805]},"properties":{"finess":"830023784","nom":"SAAD LE MAS AU SERVICE DES FAMILLES","departement":"VAR"}},{"type":"Feature","geometry":{"type":"Point","coordinates":[2.239807817048475,43.60879236125489]},"properties":{"finess":"810012138","nom":"SAAD AID 81","departement":"TARN"}},{"type":"Feature","geometry":{"type":"Point","coordinates":[3.017241205588646,48.55390340545298]},"properties":{"finess":"770812428","nom":"SAAD ADMR CENTRE BRIE","departement":"SEINE ET MARNE"}},{"type":"Feature","geometry":{"type":"Point","coordinates":[2.620948030313988,42.67098793234909]},"properties":{"finess":"660785163","nom":"SAAD CCAS ILLE SUR TET","departement":"PYRENEES ORIENTALES"}},{"type":"Feature","geometry":{"type":"Point","coordinates":[2.435512511622538,48.88516517887896]},"properties":{"finess":"930810874","nom":"SAAD CCAS DE ROMAINVILLE","departement":"SEINE SAINT DENIS"}},{"type":"Feature","geometry":{"type":"Point","coordinates":[3.027692450102727,42.69709542089549]},"properties":{"finess":"660785296","nom":"SAAD CCAS CANET EN ROUSSILLON","departement":"PYRENEES ORIENTALES"}},{"type":"Feature","geometry":{"type":"Point","coordinates":[-3.366174234532687,47.75404771801379]},"properties":{"finess":"560029019","nom":"SAAD POUR VOUS CHEZ VOUS","departement":"MORBIHAN"}},{"type":"Feature","geometry":{"type":"Point","coordinates":[5.693342051204246,45.18030839880996]},"properties":{"finess":"380023267","nom":"SAAD ADF 38","departement":"ISERE"}},{"type":"Feature","geometry":{"type":"Point","coordinates":[3.27462248790573,49.83004927862632]},"properties":{"finess":"020013231","nom":"SAAD SISSAD DE GAUCHY","departement":"AISNE"}},{"type":"Feature","geometry":{"type":"Point","coordinates":[6.618723690193649,46.02259934903572]},"properties":{"finess":"740008594","nom":"SAAD DE MAGLAND","departement":"HAUTE SAVOIE"}},{"type":"Feature","geometry":{"type":"Point","coordinates":[3.087337602147151,45.75260875504186]},"properties":{"finess":"630008829","nom":"SERVICE PRESTATAIRE MAINTIEN DOMICILE","departement":"PUY DE DOME"}},{"type":"Feature","geometry":{"type":"Point","coordinates":[-1.755996394587806,48.54755009711954]},"properties":{"finess":"350035887","nom":"SAAD CCAS DOL DE BRETAGNE","departement":"ILLE ET VILAINE"}},{"type":"Feature","geometry":{"type":"Point","coordinates":[2.239265930524614,50.7407034244009]},"properties":{"finess":"620031401","nom":"ASSO AADCMO","departement":"PAS DE CALAIS"}},{"type":"Feature","geometry":{"type":"Point","coordinates":[6.152612842667604,49.15197496111487]},"properties":{"finess":"570026211","nom":"SAAD LOR-APAH","departement":"MOSELLE"}},{"type":"Feature","geometry":{"type":"Point","coordinates":[-0.5492830013744489,48.84356904759264]},"properties":{"finess":"610008757","nom":"RÉSIDENCE NOUVEL AZUR","departement":"ORNE"}},{"type":"Feature","geometry":{"type":"Point","coordinates":[-0.257402469060321,43.18004308738477]},"properties":{"finess":"640018123","nom":"SAA SIVOM PLAINE DE NAY","departement":"PYRENEES ATLANTIQUES"}},{"type":"Feature","geometry":{"type":"Point","coordinates":[-2.058898971802175,48.57899828515261]},"properties":{"finess":"350035077","nom":"SAAD CCAS PLEURTUIT","departement":"ILLE ET VILAINE"}},{"type":"Feature","geometry":{"type":"Point","coordinates":[5.744603595184168,45.1462340899629]},"properties":{"finess":"380022954","nom":"MFI ADAMS","departement":"ISERE"}},{"type":"Feature","geometry":{"type":"Point","coordinates":[5.138392465175477,44.36041114784897]},"properties":{"finess":"260022900","nom":"ASSO AIDE FAMILLES NYONS","departement":"DROME"}},{"type":"Feature","geometry":{"type":"Point","coordinates":[4.696429459605153,44.37548825635168]},"properties":{"finess":"260022926","nom":"ASSO AIDE FAMILLES PIERRELATTE","departement":"DROME"}},{"type":"Feature","geometry":{"type":"Point","coordinates":[4.861680727480512,44.31360329005091]},"properties":{"finess":"260020557","nom":"ASSO AIDE FAMILLES LA BAUME DE TRANSIT","departement":"DROME"}},{"type":"Feature","geometry":{"type":"Point","coordinates":[4.746006735263411,44.55820471023853]},"properties":{"finess":"260022918","nom":"ASSO AIDE FAMILLES MONTELIMAR","departement":"DROME"}},{"type":"Feature","geometry":{"type":"Point","coordinates":[4.889151743618182,44.92678690609387]},"properties":{"finess":"260022934","nom":"ASSO AIDE FAMILLES VALENCE","departement":"DROME"}},{"type":"Feature","geometry":{"type":"Point","coordinates":[2.354541458178937,48.83743599245187]},"properties":{"finess":"750061889","nom":"SAA VELITA SERVICES SITE PARIS 13","departement":"PARIS"}},{"type":"Feature","geometry":{"type":"Point","coordinates":[-1.639874462466471,48.18251446755346]},"properties":{"finess":"350034005","nom":"SAAD CCAS BETTON","departement":"ILLE ET VILAINE"}},{"type":"Feature","geometry":{"type":"Point","coordinates":[2.407707343842864,48.76262357526787]},"properties":{"finess":"940027717","nom":"SAAD C.C.A.S DE CHOISY LE ROI","departement":"VAL DE MARNE"}},{"type":"Feature","geometry":{"type":"Point","coordinates":[3.305245518711159,48.55796668695449]},"properties":{"finess":"770014124","nom":"SAA AIDOM EXPERT DE PROVINS","departement":"SEINE ET MARNE"}},{"type":"Feature","geometry":{"type":"Point","coordinates":[55.28789620008124,-21.17045702947981]},"properties":{"finess":"970462198","nom":"SAAD - CCAS ST LEU","departement":"LA REUNION"}},{"type":"Feature","geometry":{"type":"Point","coordinates":[4.73086960005228,49.75210376452018]},"properties":{"finess":"080011414","nom":"SAD BIEN VIEILLIR EN ARDENNE","departement":"ARDENNES"}},{"type":"Feature","geometry":{"type":"Point","coordinates":[5.320356232607391,45.15528076848457]},"properties":{"finess":"380014837","nom":"SERVICE AIDE A DOMICILE ST MARCELLIN","departement":"ISERE"}},{"type":"Feature","geometry":{"type":"Point","coordinates":[5.062812507567251,44.52699498918258]},"properties":{"finess":"260009501","nom":"SEV. AIDE ET ACCOMPAGNEMENT A DOMICILE","departement":"DROME"}},{"type":"Feature","geometry":{"type":"Point","coordinates":[2.486352114329649,48.77503078047042]},"properties":{"finess":"940808967","nom":"SAAD CCAS DE BONNEUIL","departement":"VAL DE MARNE"}},{"type":"Feature","geometry":{"type":"Point","coordinates":[2.346444301761009,48.74867675925789]},"properties":{"finess":"940027915","nom":"SAAD CCAS DE RUNGIS","departement":"VAL DE MARNE"}},{"type":"Feature","geometry":{"type":"Point","coordinates":[5.717271272039777,45.19052443654076]},"properties":{"finess":"380023036","nom":"DOMUSVI DOMICILE 38","departement":"ISERE"}},{"type":"Feature","geometry":{"type":"Point","coordinates":[-2.512723158786264,47.56223278213535]},"properties":{"finess":"560030355","nom":"SAAD HOLLENN","departement":"MORBIHAN"}},{"type":"Feature","geometry":{"type":"Point","coordinates":[4.720815485294373,49.85169241555489]},"properties":{"finess":"080010937","nom":"SAAD NB3A","departement":"ARDENNES"}},{"type":"Feature","geometry":{"type":"Point","coordinates":[1.980892354360452,47.90608600726384]},"properties":{"finess":"450022793","nom":"SAD LES JARDINS D'ARCADIE","departement":"LOIRET"}},{"type":"Feature","geometry":{"type":"Point","coordinates":[5.772851304937504,45.07717895192475]},"properties":{"finess":"380024760","nom":"SAAD L'ESSENTIEL A DOMICILE","departement":"ISERE"}},{"type":"Feature","geometry":{"type":"Point","coordinates":[5.135577623577355,44.36019206475964]},"properties":{"finess":"260021373","nom":"CONFIEZ-NOUS","departement":"DROME"}},{"type":"Feature","geometry":{"type":"Point","coordinates":[2.388115503558998,48.81204056259732]},"properties":{"finess":"940809031","nom":"SAAD CCAS IVRY SUR SEINE","departement":"VAL DE MARNE"}},{"type":"Feature","geometry":{"type":"Point","coordinates":[-2.109112675015646,48.63597021437938]},"properties":{"finess":"350034674","nom":"SAAD CCAS SAINT LUNAIRE","departement":"ILLE ET VILAINE"}},{"type":"Feature","geometry":{"type":"Point","coordinates":[3.426667589582531,46.12415992342453]},"properties":{"finess":"030009138","nom":"LABA","departement":"ALLIER"}},{"type":"Feature","geometry":{"type":"Point","coordinates":[1.047390472978576,44.86913992765746]},"properties":{"finess":"240003848","nom":"SAA PROXIM'AIDE","departement":"DORDOGNE"}},{"type":"Feature","geometry":{"type":"Point","coordinates":[-0.5727739160415577,44.81461937099668]},"properties":{"finess":"330063140","nom":"SAAD ADASTRA DOMICIL AIDE","departement":"GIRONDE"}},{"type":"Feature","geometry":{"type":"Point","coordinates":[-1.455945463921919,43.49878562798882]},"properties":{"finess":"640019782","nom":"SAAD CCAS DE BAYONNE","departement":"PYRENEES ATLANTIQUES"}},{"type":"Feature","geometry":{"type":"Point","coordinates":[0.878316692263108,43.21912574025347]},"properties":{"finess":"310030762","nom":"SAD ADMR AURIGNAC","departement":"HAUTE GARONNE"}},{"type":"Feature","geometry":{"type":"Point","coordinates":[1.627204672779819,50.68571240488713]},"properties":{"finess":"620017418","nom":"ASSOCIATION AIDE ET COMPAGNIE","departement":"PAS DE CALAIS"}},{"type":"Feature","geometry":{"type":"Point","coordinates":[-61.56401969428608,16.04418318035368]},"properties":{"finess":"970114351","nom":"S. E. R. F. A. G.","departement":"GUADELOUPE"}},{"type":"Feature","geometry":{"type":"Point","coordinates":[55.4541295987377,-20.87980136152263]},"properties":{"finess":"970462446","nom":"SAAD - CCAS ST DENIS","departement":"LA REUNION"}},{"type":"Feature","geometry":{"type":"Point","coordinates":[1.123827756519869,49.43666336519797]},"properties":{"finess":"760031849","nom":"SAAD SARL ADHEO SERVICES ROUEN","departement":"SEINE MARITIME"}},{"type":"Feature","geometry":{"type":"Point","coordinates":[-1.107905063883133,45.82229123654821]},"properties":{"finess":"170784771","nom":"SAAD CIAS DU BASSIN DE MARENNES","departement":"CHARENTE MARITIME"}},{"type":"Feature","geometry":{"type":"Point","coordinates":[2.475137818476446,48.84945489859864]},"properties":{"finess":"940809015","nom":"SAD DE CCAS FONTENAY SOUS BOIS","departement":"VAL DE MARNE"}},{"type":"Feature","geometry":{"type":"Point","coordinates":[5.564698100740648,43.29459064025114]},"properties":{"finess":"130807092","nom":"SAAD CCAS AUBAGNE","departement":"BOUCHES DU RHONE"}},{"type":"Feature","geometry":{"type":"Point","coordinates":[-1.398882516982679,43.36096105285434]},"properties":{"finess":"640788428","nom":"SAAD DU CCAS DE CAMBO LES BAINS","departement":"PYRENEES ATLANTIQUES"}},{"type":"Feature","geometry":{"type":"Point","coordinates":[1.810636675076633,48.77487897299871]},"properties":{"finess":"780807475","nom":"SAA CCAS MONTFORT L'AMAURY","departement":"YVELINES"}},{"type":"Feature","geometry":{"type":"Point","coordinates":[2.388681495349458,48.78861696926638]},"properties":{"finess":"940809239","nom":"SAAD CCAS DE VITRY SUR SEINE","departement":"VAL DE MARNE"}},{"type":"Feature","geometry":{"type":"Point","coordinates":[1.780217433955005,49.27951242639467]},"properties":{"finess":"270011125","nom":"SAD CCAS GISORS","departement":"EURE"}},{"type":"Feature","geometry":{"type":"Point","coordinates":[2.889143895001238,42.66941443045327]},"properties":{"finess":"660009234","nom":"SAAD JOSEPH SAUVY PERPIGNAN","departement":"PYRENEES ORIENTALES"}},{"type":"Feature","geometry":{"type":"Point","coordinates":[2.402135621894347,48.74331295454349]},"properties":{"finess":"940026925","nom":"SAAD DU CCAS D'ORLY","departement":"VAL DE MARNE"}},{"type":"Feature","geometry":{"type":"Point","coordinates":[2.294462790505374,48.84524319931003]},"properties":{"finess":"750072274","nom":"SERVICE À LA PERSONNE","departement":"PARIS"}},{"type":"Feature","geometry":{"type":"Point","coordinates":[55.29825611305517,-20.98674567777218]},"properties":{"finess":"970411542","nom":"SAAD - INTERCITES SAP","departement":"LA REUNION"}},{"type":"Feature","geometry":{"type":"Point","coordinates":[2.046669435535397,48.92984592798651]},"properties":{"finess":"780025581","nom":"SAAD DECLIC EVEIL RIVE GAUCHE","departement":"YVELINES"}},{"type":"Feature","geometry":{"type":"Point","coordinates":[5.049407545934634,43.40639740974776]},"properties":{"finess":"130049240","nom":"SAAD CIAS PAYS DE MARTIGUES","departement":"BOUCHES DU RHONE"}},{"type":"Feature","geometry":{"type":"Point","coordinates":[-1.774811084353335,43.35824530763721]},"properties":{"finess":"640014080","nom":"SAAD DU CCAS D'HENDAYE","departement":"PYRENEES ATLANTIQUES"}},{"type":"Feature","geometry":{"type":"Point","coordinates":[1.3007993199398,45.13533315274447]},"properties":{"finess":"240011999","nom":"SAA CIAS DU TERRASSONNAIS","departement":"DORDOGNE"}},{"type":"Feature","geometry":{"type":"Point","coordinates":[5.440988305523859,43.52835587983452]},"properties":{"finess":"130055031","nom":"SAAD RESEAU ALOIS SERVICE","departement":"BOUCHES DU RHONE"}},{"type":"Feature","geometry":{"type":"Point","coordinates":[6.549963026705983,46.05661629047206]},"properties":{"finess":"740002829","nom":"SERVICES A DOMICILE VALLE DE L'ARVE","departement":"HAUTE SAVOIE"}},{"type":"Feature","geometry":{"type":"Point","coordinates":[5.139872209677787,45.66911915765517]},"properties":{"finess":"380025064","nom":"SAAD STIMUL'AVENIR","departement":"ISERE"}},{"type":"Feature","geometry":{"type":"Point","coordinates":[1.007216261778419,49.28965644065721]},"properties":{"finess":"760011205","nom":"SAAD ELBEUF ASS AID76","departement":"SEINE MARITIME"}},{"type":"Feature","geometry":{"type":"Point","coordinates":[1.395686079106301,43.46471143702991]},"properties":{"finess":"310029251","nom":"SAAD CAP'EDUCS","departement":"HAUTE GARONNE"}},{"type":"Feature","geometry":{"type":"Point","coordinates":[4.625818696643665,43.67463384867703]},"properties":{"finess":"130048796","nom":"SAAD CCAS ARLES","departement":"BOUCHES DU RHONE"}},{"type":"Feature","geometry":{"type":"Point","coordinates":[-0.3305015918449885,49.20451663682994]},"properties":{"finess":"140022302","nom":"SAD HEROUVILLE ASS AFP/CSF DU CALVADOS","departement":"CALVADOS"}},{"type":"Feature","geometry":{"type":"Point","coordinates":[5.312347290354952,43.71492428616465]},"properties":{"finess":"130054992","nom":"SAAD ASSOCIATION LES TREIZE FAMILLES","departement":"BOUCHES DU RHONE"}},{"type":"Feature","geometry":{"type":"Point","coordinates":[2.357065633038075,47.0826990999524]},"properties":{"finess":"180009920","nom":"SAAD APF PRESTATAIRE DE BOURGES","departement":"CHER"}},{"type":"Feature","geometry":{"type":"Point","coordinates":[-0.6295005548459921,44.80383326813863]},"properties":{"finess":"330801184","nom":"SAAD CCAS DE PESSAC","departement":"GIRONDE"}},{"type":"Feature","geometry":{"type":"Point","coordinates":[-0.640456918865694,44.77846899475811]},"properties":{"finess":"330064189","nom":"SAAD ASSOCIATION LISETTE","departement":"GIRONDE"}},{"type":"Feature","geometry":{"type":"Point","coordinates":[-0.9624912122050046,45.93677008799989]},"properties":{"finess":"170021828","nom":"SAAD CCAS DE ROCHEFORT","departement":"CHARENTE MARITIME"}},{"type":"Feature","geometry":{"type":"Point","coordinates":[-3.16289215354872,48.5617806707386]},"properties":{"finess":"220023758","nom":"SAD DOM ARMOR SERVICES","departement":"COTES D ARMOR"}},{"type":"Feature","geometry":{"type":"Point","coordinates":[-4.251570263742991,48.45125287168246]},"properties":{"finess":"290038983","nom":"SAAD DOMUSVI DOMICILE 29 LANDERNEAU","departement":"FINISTERE"}},{"type":"Feature","geometry":{"type":"Point","coordinates":[-4.111557078542758,47.99088392240949]},"properties":{"finess":"290038975","nom":"SAAD DOMUSVI DOMICILE 29 QUIMPER","departement":"FINISTERE"}},{"type":"Feature","geometry":{"type":"Point","coordinates":[-0.548548146355425,44.8076360572219]},"properties":{"finess":"330799933","nom":"SAA CCAS DE BEGLES","departement":"GIRONDE"}},{"type":"Feature","geometry":{"type":"Point","coordinates":[-61.07535445906755,16.30401521535409]},"properties":{"finess":"970114450","nom":"ALLO MAMIES","departement":"GUADELOUPE"}},{"type":"Feature","geometry":{"type":"Point","coordinates":[-3.429544187416002,47.73487725138963]},"properties":{"finess":"560029126","nom":"SAAD AVS SERVICES","departement":"MORBIHAN"}},{"type":"Feature","geometry":{"type":"Point","coordinates":[-3.343369220944334,47.72371420197418]},"properties":{"finess":"560027708","nom":"SAAD TY NAIA","departement":"MORBIHAN"}},{"type":"Feature","geometry":{"type":"Point","coordinates":[5.729450871561325,45.18776587423441]},"properties":{"finess":"380025411","nom":"AVENIR ADOM","departement":"ISERE"}},{"type":"Feature","geometry":{"type":"Point","coordinates":[-61.5053630823603,16.2711299842184]},"properties":{"finess":"970114310","nom":"R. DE VIE","departement":"GUADELOUPE"}},{"type":"Feature","geometry":{"type":"Point","coordinates":[3.291214747038512,49.65603410418235]},"properties":{"finess":"020006961","nom":"SAAD CCAS TERGNIER","departement":"AISNE"}},{"type":"Feature","geometry":{"type":"Point","coordinates":[-61.53586063188487,16.23643144416073]},"properties":{"finess":"970113643","nom":"ATOUT DOM","departement":"GUADELOUPE"}},{"type":"Feature","geometry":{"type":"Point","coordinates":[4.274365554695704,45.24641118082003]},"properties":{"finess":"430008847","nom":"SAD AFM SERVICES 43","departement":"HAUTE LOIRE"}},{"type":"Feature","geometry":{"type":"Point","coordinates":[0.6894800323372574,47.39084791735153]},"properties":{"finess":"370102279","nom":"SERV. TRAVAILLEUSES FAMILIALES","departement":"INDRE ET LOIRE"}},{"type":"Feature","geometry":{"type":"Point","coordinates":[0.7049477549448008,47.38364974127266]},"properties":{"finess":"370103624","nom":"SERVICE PRESTATAIRE AIDE DOMICILE","departement":"INDRE ET LOIRE"}},{"type":"Feature","geometry":{"type":"Point","coordinates":[2.432306342107982,48.79198816086095]},"properties":{"finess":"940025760","nom":"SAAD APF FRANCE HANDICAP","departement":"VAL DE MARNE"}},{"type":"Feature","geometry":{"type":"Point","coordinates":[2.353514501834264,48.83038029013473]},"properties":{"finess":"750061822","nom":"SAD APF FRANCE HANDICAP","departement":"PARIS"}},{"type":"Feature","geometry":{"type":"Point","coordinates":[2.756492782383038,43.20101582102575]},"properties":{"finess":"110008430","nom":"SAD AUXILIA SERVICES","departement":"AUDE"}},{"type":"Feature","geometry":{"type":"Point","coordinates":[1.007918082192677,49.28992340768062]},"properties":{"finess":"760024950","nom":"SAAD OPAER ELBEUF","departement":"SEINE MARITIME"}},{"type":"Feature","geometry":{"type":"Point","coordinates":[1.825953852172658,48.62435603256085]},"properties":{"finess":"780807848","nom":"SAAD CIAS","departement":"YVELINES"}},{"type":"Feature","geometry":{"type":"Point","coordinates":[3.05455738822175,45.76484180084638]},"properties":{"finess":"630789022","nom":"SAAD DU CCAS DE ROYAT","departement":"PUY DE DOME"}},{"type":"Feature","geometry":{"type":"Point","coordinates":[2.347629208979933,48.90138391932069]},"properties":{"finess":"750072142","nom":"SAAD AUTONOMIE PARTAGEE","departement":"PARIS"}},{"type":"Feature","geometry":{"type":"Point","coordinates":[0.3674306155605294,46.56312868809512]},"properties":{"finess":"860011337","nom":"SAAD DOUCE VIE SERVICES","departement":"VIENNE"}},{"type":"Feature","geometry":{"type":"Point","coordinates":[0.16125985282274,49.5023942923063]},"properties":{"finess":"760032201","nom":"SAAD DYNAMIK'76 LE HAVRE","departement":"SEINE MARITIME"}},{"type":"Feature","geometry":{"type":"Point","coordinates":[-2.977057212981653,47.66989741837517]},"properties":{"finess":"560028862","nom":"SAAD SERVICES EMPLOIS FAMILIAUX","departement":"MORBIHAN"}},{"type":"Feature","geometry":{"type":"Point","coordinates":[2.813703037556671,49.40761269944295]},"properties":{"finess":"600015887","nom":"ADHAP COMPIÈGNE","departement":"OISE"}},{"type":"Feature","geometry":{"type":"Point","coordinates":[3.403768434440612,46.1165695915023]},"properties":{"finess":"030009625","nom":"A2MICILE-AZAE VICHY","departement":"ALLIER"}},{"type":"Feature","geometry":{"type":"Point","coordinates":[2.401470494722132,48.83765123971073]},"properties":{"finess":"750074072","nom":"SAAD CAMELIA SERVICES","departement":"PARIS"}}]}